60, 0.059787352860912094, 1207
60, 0.059787352860912094, 1879
60, 0.059787352860912094, 1975
60, 0.059787352860912094, 1723
60, 0.059787352860912094, 811
60, 0.059787352860912094, 1573
60, 0.059787352860912094, 385
60, 0.059787352860912094, 295
60, 0.059787352860912094, 2395
60, 0.059787352860912094, 433
60, 0.059787352860912094, 445
60, 0.059787352860912094, 379
60, 0.059787352860912094, 1621
60, 0.059787352860912094, 709
60, 0.059787352860912094, 691
60, 0.059787352860912094, 997
60, 0.059787352860912094, 1339
60, 0.059787352860912094, 1669
60, 0.059787352860912094, 895
60, 0.059787352860912094, 433
60, 0.059787352860912094, 313
60, 0.059787352860912094, 1681
60, 0.059787352860912094, 589
60, 0.059787352860912094, 883
60, 0.059787352860912094, 1783
60, 0.059787352860912094, 1423
60, 0.059787352860912094, 943
60, 0.059787352860912094, 2101
60, 0.059787352860912094, 409
60, 0.059787352860912094, 2497
60, 0.059787352860912094, 2623
60, 0.059787352860912094, 961
60, 0.059787352860912094, 1141
60, 0.059787352860912094, 463
60, 0.059787352860912094, 1159
60, 0.059787352860912094, 829
60, 0.059787352860912094, 937
60, 0.059787352860912094, 961
60, 0.059787352860912094, 661
60, 0.059787352860912094, 697
60, 0.059787352860912094, 589
60, 0.059787352860912094, 997
60, 0.059787352860912094, 1117
60, 0.059787352860912094, 2011
60, 0.059787352860912094, 1279
60, 0.059787352860912094, 655
60, 0.059787352860912094, 1219
60, 0.059787352860912094, 1207
60, 0.059787352860912094, 1297
60, 0.059787352860912094, 1339
80, 0.0490512280972495, 1576
80, 0.0490512280972495, 2514
80, 0.0490512280972495, 1324
80, 0.0490512280972495, 1555
80, 0.0490512280972495, 2283
80, 0.0490512280972495, 2185
80, 0.0490512280972495, 1478
80, 0.0490512280972495, 3452
80, 0.0490512280972495, 1842
80, 0.0490512280972495, 4124
80, 0.0490512280972495, 6280
80, 0.0490512280972495, 4397
80, 0.0490512280972495, 2269
80, 0.0490512280972495, 2815
80, 0.0490512280972495, 1345
80, 0.0490512280972495, 1093
80, 0.0490512280972495, 3543
80, 0.0490512280972495, 4278
80, 0.0490512280972495, 1086
80, 0.0490512280972495, 1338
80, 0.0490512280972495, 2024
80, 0.0490512280972495, 995
80, 0.0490512280972495, 2339
80, 0.0490512280972495, 1345
80, 0.0490512280972495, 1051
80, 0.0490512280972495, 610
80, 0.0490512280972495, 519
80, 0.0490512280972495, 1345
80, 0.0490512280972495, 1989
80, 0.0490512280972495, 785
80, 0.0490512280972495, 1100
80, 0.0490512280972495, 1779
80, 0.0490512280972495, 2255
80, 0.0490512280972495, 2507
80, 0.0490512280972495, 2507
80, 0.0490512280972495, 1814
80, 0.0490512280972495, 1632
80, 0.0490512280972495, 1856
80, 0.0490512280972495, 3270
80, 0.0490512280972495, 3865
80, 0.0490512280972495, 2773
80, 0.0490512280972495, 4264
80, 0.0490512280972495, 1401
80, 0.0490512280972495, 1611
80, 0.0490512280972495, 2080
80, 0.0490512280972495, 1611
80, 0.0490512280972495, 4180
80, 0.0490512280972495, 2640
80, 0.0490512280972495, 3011
80, 0.0490512280972495, 2857
100, 0.04207019875994022, 1982
100, 0.04207019875994022, 2668
100, 0.04207019875994022, 3494
100, 0.04207019875994022, 2381
100, 0.04207019875994022, 3494
100, 0.04207019875994022, 3228
100, 0.04207019875994022, 2150
100, 0.04207019875994022, 3599
100, 0.04207019875994022, 2374
100, 0.04207019875994022, 2836
100, 0.04207019875994022, 2997
100, 0.04207019875994022, 4229
100, 0.04207019875994022, 5468
100, 0.04207019875994022, 2780
100, 0.04207019875994022, 3823
100, 0.04207019875994022, 3928
100, 0.04207019875994022, 6133
100, 0.04207019875994022, 9059
100, 0.04207019875994022, 2164
100, 0.04207019875994022, 6014
100, 0.04207019875994022, 1632
100, 0.04207019875994022, 1135
100, 0.04207019875994022, 5265
100, 0.04207019875994022, 3298
100, 0.04207019875994022, 1744
100, 0.04207019875994022, 1856
100, 0.04207019875994022, 1779
100, 0.04207019875994022, 1303
100, 0.04207019875994022, 2626
100, 0.04207019875994022, 1877
100, 0.04207019875994022, 2696
100, 0.04207019875994022, 1576
100, 0.04207019875994022, 4187
100, 0.04207019875994022, 3410
100, 0.04207019875994022, 6686
100, 0.04207019875994022, 5559
100, 0.04207019875994022, 7939
100, 0.04207019875994022, 2304
100, 0.04207019875994022, 2570
100, 0.04207019875994022, 1345
100, 0.04207019875994022, 3305
100, 0.04207019875994022, 2983
100, 0.04207019875994022, 2206
100, 0.04207019875994022, 6063
100, 0.04207019875994022, 3396
100, 0.04207019875994022, 3207
100, 0.04207019875994022, 4719
100, 0.04207019875994022, 4145
100, 0.04207019875994022, 8044
100, 0.04207019875994022, 11250
120, 0.03711050459439501, 3221
120, 0.03711050459439501, 3249
120, 0.03711050459439501, 3200
120, 0.03711050459439501, 2353
120, 0.03711050459439501, 2360
120, 0.03711050459439501, 2122
120, 0.03711050459439501, 4929
120, 0.03711050459439501, 2255
120, 0.03711050459439501, 2493
120, 0.03711050459439501, 3459
120, 0.03711050459439501, 3515
120, 0.03711050459439501, 4250
120, 0.03711050459439501, 2010
120, 0.03711050459439501, 3109
120, 0.03711050459439501, 4887
120, 0.03711050459439501, 11509
120, 0.03711050459439501, 4922
120, 0.03711050459439501, 4068
120, 0.03711050459439501, 4474
120, 0.03711050459439501, 16948
120, 0.03711050459439501, 1562
120, 0.03711050459439501, 1877
120, 0.03711050459439501, 2248
120, 0.03711050459439501, 2738
120, 0.03711050459439501, 2332
120, 0.03711050459439501, 2871
120, 0.03711050459439501, 4404
120, 0.03711050459439501, 4551
120, 0.03711050459439501, 5349
120, 0.03711050459439501, 4908
120, 0.03711050459439501, 4159
120, 0.03711050459439501, 2416
120, 0.03711050459439501, 2619
120, 0.03711050459439501, 5244
120, 0.03711050459439501, 2290
120, 0.03711050459439501, 3942
120, 0.03711050459439501, 3746
120, 0.03711050459439501, 3487
120, 0.03711050459439501, 4481
120, 0.03711050459439501, 4411
120, 0.03711050459439501, 2262
120, 0.03711050459439501, 2493
120, 0.03711050459439501, 2913
120, 0.03711050459439501, 6952
120, 0.03711050459439501, 6707
120, 0.03711050459439501, 4670
120, 0.03711050459439501, 7785
120, 0.03711050459439501, 6609
120, 0.03711050459439501, 6133
120, 0.03711050459439501, 8646
140, 0.03337617906945678, 2878
140, 0.03337617906945678, 2871
140, 0.03337617906945678, 3879
140, 0.03337617906945678, 4089
140, 0.03337617906945678, 2647
140, 0.03337617906945678, 10886
140, 0.03337617906945678, 4026
140, 0.03337617906945678, 8982
140, 0.03337617906945678, 3599
140, 0.03337617906945678, 3039
140, 0.03337617906945678, 4950
140, 0.03337617906945678, 6441
140, 0.03337617906945678, 4453
140, 0.03337617906945678, 3655
140, 0.03337617906945678, 4481
140, 0.03337617906945678, 3872
140, 0.03337617906945678, 5167
140, 0.03337617906945678, 8975
140, 0.03337617906945678, 3760
140, 0.03337617906945678, 2472
140, 0.03337617906945678, 10879
140, 0.03337617906945678, 9598
140, 0.03337617906945678, 8891
140, 0.03337617906945678, 4103
140, 0.03337617906945678, 2633
140, 0.03337617906945678, 6798
140, 0.03337617906945678, 10543
140, 0.03337617906945678, 3221
140, 0.03337617906945678, 3900
140, 0.03337617906945678, 3242
140, 0.03337617906945678, 4775
140, 0.03337617906945678, 4068
140, 0.03337617906945678, 1674
140, 0.03337617906945678, 2332
140, 0.03337617906945678, 7589
140, 0.03337617906945678, 2675
140, 0.03337617906945678, 3032
140, 0.03337617906945678, 2535
140, 0.03337617906945678, 4789
140, 0.03337617906945678, 4446
140, 0.03337617906945678, 2787
140, 0.03337617906945678, 2395
140, 0.03337617906945678, 5440
140, 0.03337617906945678, 6994
140, 0.03337617906945678, 2514
140, 0.03337617906945678, 3914
140, 0.03337617906945678, 4075
140, 0.03337617906945678, 4852
140, 0.03337617906945678, 8730
140, 0.03337617906945678, 6084
160, 0.03044650312413792, 2793
160, 0.03044650312413792, 6625
160, 0.03044650312413792, 7313
160, 0.03044650312413792, 19265
160, 0.03044650312413792, 2521
160, 0.03044650312413792, 10233
160, 0.03044650312413792, 4353
160, 0.03044650312413792, 5641
160, 0.03044650312413792, 6825
160, 0.03044650312413792, 8937
160, 0.03044650312413792, 10833
160, 0.03044650312413792, 7465
160, 0.03044650312413792, 8385
160, 0.03044650312413792, 4201
160, 0.03044650312413792, 10929
160, 0.03044650312413792, 5945
160, 0.03044650312413792, 10873
160, 0.03044650312413792, 12369
160, 0.03044650312413792, 12833
160, 0.03044650312413792, 8273
160, 0.03044650312413792, 7497
160, 0.03044650312413792, 3129
160, 0.03044650312413792, 13737
160, 0.03044650312413792, 6777
160, 0.03044650312413792, 10329
160, 0.03044650312413792, 8841
160, 0.03044650312413792, 8553
160, 0.03044650312413792, 5697
160, 0.03044650312413792, 8697
160, 0.03044650312413792, 9985
160, 0.03044650312413792, 4249
160, 0.03044650312413792, 9217
160, 0.03044650312413792, 9617
160, 0.03044650312413792, 8441
160, 0.03044650312413792, 14913
160, 0.03044650312413792, 5153
160, 0.03044650312413792, 5393
160, 0.03044650312413792, 6017
160, 0.03044650312413792, 11681
160, 0.03044650312413792, 11169
160, 0.03044650312413792, 12337
160, 0.03044650312413792, 11137
160, 0.03044650312413792, 10337
160, 0.03044650312413792, 9457
160, 0.03044650312413792, 15969
160, 0.03044650312413792, 10913
160, 0.03044650312413792, 12313
160, 0.03044650312413792, 4873
160, 0.03044650312413792, 13169
160, 0.03044650312413792, 8561
180, 0.02807655597368903, 6809
180, 0.02807655597368903, 11785
180, 0.02807655597368903, 9257
180, 0.02807655597368903, 6889
180, 0.02807655597368903, 4057
180, 0.02807655597368903, 7505
180, 0.02807655597368903, 6961
180, 0.02807655597368903, 7129
180, 0.02807655597368903, 20249
180, 0.02807655597368903, 14985
180, 0.02807655597368903, 10569
180, 0.02807655597368903, 12177
180, 0.02807655597368903, 11057
180, 0.02807655597368903, 23729
180, 0.02807655597368903, 20089
180, 0.02807655597368903, 8561
180, 0.02807655597368903, 4121
180, 0.02807655597368903, 4033
180, 0.02807655597368903, 3129
180, 0.02807655597368903, 18393
180, 0.02807655597368903, 10257
180, 0.02807655597368903, 6793
180, 0.02807655597368903, 8305
180, 0.02807655597368903, 9705
180, 0.02807655597368903, 10657
180, 0.02807655597368903, 13161
180, 0.02807655597368903, 12385
180, 0.02807655597368903, 23617
180, 0.02807655597368903, 7257
180, 0.02807655597368903, 8785
180, 0.02807655597368903, 7529
180, 0.02807655597368903, 8817
180, 0.02807655597368903, 5249
180, 0.02807655597368903, 7721
180, 0.02807655597368903, 6401
180, 0.02807655597368903, 4729
180, 0.02807655597368903, 6769
180, 0.02807655597368903, 16185
180, 0.02807655597368903, 6057
180, 0.02807655597368903, 13329
180, 0.02807655597368903, 15705
180, 0.02807655597368903, 10993
180, 0.02807655597368903, 9321
180, 0.02807655597368903, 6609
180, 0.02807655597368903, 23233
180, 0.02807655597368903, 22649
180, 0.02807655597368903, 10649
180, 0.02807655597368903, 20201
180, 0.02807655597368903, 17561
180, 0.02807655597368903, 12793
200, 0.026113320454242583, 4833
200, 0.026113320454242583, 9001
200, 0.026113320454242583, 9785
200, 0.026113320454242583, 11857
200, 0.026113320454242583, 10553
200, 0.026113320454242583, 9529
200, 0.026113320454242583, 12057
200, 0.026113320454242583, 9697
200, 0.026113320454242583, 15105
200, 0.026113320454242583, 9801
200, 0.026113320454242583, 12777
200, 0.026113320454242583, 8577
200, 0.026113320454242583, 8553
200, 0.026113320454242583, 8417
200, 0.026113320454242583, 9513
200, 0.026113320454242583, 11097
200, 0.026113320454242583, 14337
200, 0.026113320454242583, 11841
200, 0.026113320454242583, 13185
200, 0.026113320454242583, 9585
200, 0.026113320454242583, 20857
200, 0.026113320454242583, 16017
200, 0.026113320454242583, 7977
200, 0.026113320454242583, 8257
200, 0.026113320454242583, 12873
200, 0.026113320454242583, 16705
200, 0.026113320454242583, 13417
200, 0.026113320454242583, 13089
200, 0.026113320454242583, 8961
200, 0.026113320454242583, 7361
200, 0.026113320454242583, 24241
200, 0.026113320454242583, 4913
200, 0.026113320454242583, 7185
200, 0.026113320454242583, 7593
200, 0.026113320454242583, 9561
200, 0.026113320454242583, 15913
200, 0.026113320454242583, 10921
200, 0.026113320454242583, 8985
200, 0.026113320454242583, 16841
200, 0.026113320454242583, 15833
200, 0.026113320454242583, 11401
200, 0.026113320454242583, 8257
200, 0.026113320454242583, 8345
200, 0.026113320454242583, 8393
200, 0.026113320454242583, 7145
200, 0.026113320454242583, 20849
200, 0.026113320454242583, 16809
200, 0.026113320454242583, 12265
200, 0.026113320454242583, 12929
200, 0.026113320454242583, 12041
220, 0.02445588617991795, 8393
220, 0.02445588617991795, 8025
220, 0.02445588617991795, 11289
220, 0.02445588617991795, 11377
220, 0.02445588617991795, 17489
220, 0.02445588617991795, 30073
220, 0.02445588617991795, 11857
220, 0.02445588617991795, 14977
220, 0.02445588617991795, 11057
220, 0.02445588617991795, 17273
220, 0.02445588617991795, 22817
220, 0.02445588617991795, 14081
220, 0.02445588617991795, 11265
220, 0.02445588617991795, 10737
220, 0.02445588617991795, 36705
220, 0.02445588617991795, 8977
220, 0.02445588617991795, 43801
220, 0.02445588617991795, 6233
220, 0.02445588617991795, 6745
220, 0.02445588617991795, 12297
220, 0.02445588617991795, 19505
220, 0.02445588617991795, 7345
220, 0.02445588617991795, 8137
220, 0.02445588617991795, 19929
220, 0.02445588617991795, 7073
220, 0.02445588617991795, 10153
220, 0.02445588617991795, 13881
220, 0.02445588617991795, 9377
220, 0.02445588617991795, 5953
220, 0.02445588617991795, 7353
220, 0.02445588617991795, 6985
220, 0.02445588617991795, 9777
220, 0.02445588617991795, 25001
220, 0.02445588617991795, 19537
220, 0.02445588617991795, 9753
220, 0.02445588617991795, 14641
220, 0.02445588617991795, 26961
220, 0.02445588617991795, 16177
220, 0.02445588617991795, 8497
220, 0.02445588617991795, 11481
220, 0.02445588617991795, 13217
220, 0.02445588617991795, 7185
220, 0.02445588617991795, 13793
220, 0.02445588617991795, 15553
220, 0.02445588617991795, 12577
220, 0.02445588617991795, 15009
220, 0.02445588617991795, 22401
220, 0.02445588617991795, 24593
220, 0.02445588617991795, 27761
220, 0.02445588617991795, 34833
240, 0.023034797249754074, 10185
240, 0.023034797249754074, 12793
240, 0.023034797249754074, 12217
240, 0.023034797249754074, 8529
240, 0.023034797249754074, 14113
240, 0.023034797249754074, 5753
240, 0.023034797249754074, 9073
240, 0.023034797249754074, 10649
240, 0.023034797249754074, 18529
240, 0.023034797249754074, 6137
240, 0.023034797249754074, 6665
240, 0.023034797249754074, 14153
240, 0.023034797249754074, 8665
240, 0.023034797249754074, 17537
240, 0.023034797249754074, 8049
240, 0.023034797249754074, 9929
240, 0.023034797249754074, 14041
240, 0.023034797249754074, 7697
240, 0.023034797249754074, 9201
240, 0.023034797249754074, 8873
240, 0.023034797249754074, 9969
240, 0.023034797249754074, 11169
240, 0.023034797249754074, 16129
240, 0.023034797249754074, 17985
240, 0.023034797249754074, 8465
240, 0.023034797249754074, 13081
240, 0.023034797249754074, 20113
240, 0.023034797249754074, 13249
240, 0.023034797249754074, 14745
240, 0.023034797249754074, 13089
240, 0.023034797249754074, 13401
240, 0.023034797249754074, 16801
240, 0.023034797249754074, 10225
240, 0.023034797249754074, 26025
240, 0.023034797249754074, 21361
240, 0.023034797249754074, 31513
240, 0.023034797249754074, 10033
240, 0.023034797249754074, 13633
240, 0.023034797249754074, 16513
240, 0.023034797249754074, 12089
240, 0.023034797249754074, 12305
240, 0.023034797249754074, 20769
240, 0.023034797249754074, 21353
240, 0.023034797249754074, 19705
240, 0.023034797249754074, 39337
240, 0.023034797249754074, 13489
240, 0.023034797249754074, 18609
240, 0.023034797249754074, 15697
240, 0.023034797249754074, 13297
240, 0.023034797249754074, 11113
260, 0.0218005586507121, 11393
260, 0.0218005586507121, 13249
260, 0.0218005586507121, 10377
260, 0.0218005586507121, 6033
260, 0.0218005586507121, 12361
260, 0.0218005586507121, 14617
260, 0.0218005586507121, 13289
260, 0.0218005586507121, 14377
260, 0.0218005586507121, 10321
260, 0.0218005586507121, 12505
260, 0.0218005586507121, 17713
260, 0.0218005586507121, 8745
260, 0.0218005586507121, 6481
260, 0.0218005586507121, 11961
260, 0.0218005586507121, 7033
260, 0.0218005586507121, 9281
260, 0.0218005586507121, 12249
260, 0.0218005586507121, 9665
260, 0.0218005586507121, 11041
260, 0.0218005586507121, 17857
260, 0.0218005586507121, 16937
260, 0.0218005586507121, 14201
260, 0.0218005586507121, 25665
260, 0.0218005586507121, 11465
260, 0.0218005586507121, 15497
260, 0.0218005586507121, 14441
260, 0.0218005586507121, 22625
260, 0.0218005586507121, 24065
260, 0.0218005586507121, 15793
260, 0.0218005586507121, 20017
260, 0.0218005586507121, 17313
260, 0.0218005586507121, 27233
260, 0.0218005586507121, 15785
260, 0.0218005586507121, 31505
260, 0.0218005586507121, 19017
260, 0.0218005586507121, 16089
260, 0.0218005586507121, 11697
260, 0.0218005586507121, 9145
260, 0.0218005586507121, 5593
260, 0.0218005586507121, 7945
260, 0.0218005586507121, 49689
260, 0.0218005586507121, 21465
260, 0.0218005586507121, 17393
260, 0.0218005586507121, 29457
260, 0.0218005586507121, 33153
260, 0.0218005586507121, 30905
260, 0.0218005586507121, 32649
260, 0.0218005586507121, 41257
260, 0.0218005586507121, 29977
260, 0.0218005586507121, 19385
280, 0.020716870499048405, 10497
280, 0.020716870499048405, 13769
280, 0.020716870499048405, 8345
280, 0.020716870499048405, 15769
280, 0.020716870499048405, 9689
280, 0.020716870499048405, 12153
280, 0.020716870499048405, 12721
280, 0.020716870499048405, 8737
280, 0.020716870499048405, 9825
280, 0.020716870499048405, 19777
280, 0.020716870499048405, 16745
280, 0.020716870499048405, 12481
280, 0.020716870499048405, 10257
280, 0.020716870499048405, 14209
280, 0.020716870499048405, 26185
280, 0.020716870499048405, 14505
280, 0.020716870499048405, 14729
280, 0.020716870499048405, 11657
280, 0.020716870499048405, 16001
280, 0.020716870499048405, 13809
280, 0.020716870499048405, 11865
280, 0.020716870499048405, 9913
280, 0.020716870499048405, 11209
280, 0.020716870499048405, 26465
280, 0.020716870499048405, 19329
280, 0.020716870499048405, 13433
280, 0.020716870499048405, 8673
280, 0.020716870499048405, 15097
280, 0.020716870499048405, 20465
280, 0.020716870499048405, 20113
280, 0.020716870499048405, 7329
280, 0.020716870499048405, 23929
280, 0.020716870499048405, 11553
280, 0.020716870499048405, 7753
280, 0.020716870499048405, 18505
280, 0.020716870499048405, 14017
280, 0.020716870499048405, 22745
280, 0.020716870499048405, 29793
280, 0.020716870499048405, 12185
280, 0.020716870499048405, 7297
280, 0.020716870499048405, 25937
280, 0.020716870499048405, 13089
280, 0.020716870499048405, 18617
280, 0.020716870499048405, 16185
280, 0.020716870499048405, 36057
280, 0.020716870499048405, 51729
280, 0.020716870499048405, 28121
280, 0.020716870499048405, 7209
280, 0.020716870499048405, 15513
280, 0.020716870499048405, 26433
300, 0.019756457407565268, 18469
300, 0.019756457407565268, 23149
300, 0.019756457407565268, 43552
300, 0.019756457407565268, 34264
300, 0.019756457407565268, 44542
300, 0.019756457407565268, 22834
300, 0.019756457407565268, 22771
300, 0.019756457407565268, 25093
300, 0.019756457407565268, 17722
300, 0.019756457407565268, 24616
300, 0.019756457407565268, 33436
300, 0.019756457407565268, 65683
300, 0.019756457407565268, 23374
300, 0.019756457407565268, 16588
300, 0.019756457407565268, 18406
300, 0.019756457407565268, 22087
300, 0.019756457407565268, 24607
300, 0.019756457407565268, 32194
300, 0.019756457407565268, 21592
300, 0.019756457407565268, 27154
300, 0.019756457407565268, 34660
300, 0.019756457407565268, 28495
300, 0.019756457407565268, 28405
300, 0.019756457407565268, 22825
300, 0.019756457407565268, 11242
300, 0.019756457407565268, 25948
300, 0.019756457407565268, 51364
300, 0.019756457407565268, 42436
300, 0.019756457407565268, 31150
300, 0.019756457407565268, 17983
300, 0.019756457407565268, 36298
300, 0.019756457407565268, 31042
300, 0.019756457407565268, 25768
300, 0.019756457407565268, 19162
300, 0.019756457407565268, 12970
300, 0.019756457407565268, 63199
300, 0.019756457407565268, 22105
300, 0.019756457407565268, 39556
300, 0.019756457407565268, 42562
300, 0.019756457407565268, 24706
300, 0.019756457407565268, 29575
300, 0.019756457407565268, 64594
300, 0.019756457407565268, 29350
300, 0.019756457407565268, 51688
300, 0.019756457407565268, 38296
300, 0.019756457407565268, 29071
300, 0.019756457407565268, 38899
300, 0.019756457407565268, 50518
300, 0.019756457407565268, 53137
300, 0.019756457407565268, 80137
320, 0.018898396399989827, 10882
320, 0.018898396399989827, 26398
320, 0.018898396399989827, 13069
320, 0.018898396399989827, 47413
320, 0.018898396399989827, 23410
320, 0.018898396399989827, 13717
320, 0.018898396399989827, 32437
320, 0.018898396399989827, 25642
320, 0.018898396399989827, 30097
320, 0.018898396399989827, 17263
320, 0.018898396399989827, 47854
320, 0.018898396399989827, 16849
320, 0.018898396399989827, 32446
320, 0.018898396399989827, 42040
320, 0.018898396399989827, 23914
320, 0.018898396399989827, 30502
320, 0.018898396399989827, 27919
320, 0.018898396399989827, 24058
320, 0.018898396399989827, 23653
320, 0.018898396399989827, 19567
320, 0.018898396399989827, 34417
320, 0.018898396399989827, 32185
320, 0.018898396399989827, 24904
320, 0.018898396399989827, 28198
320, 0.018898396399989827, 25858
320, 0.018898396399989827, 24382
320, 0.018898396399989827, 21601
320, 0.018898396399989827, 23842
320, 0.018898396399989827, 22312
320, 0.018898396399989827, 38143
320, 0.018898396399989827, 23185
320, 0.018898396399989827, 18730
320, 0.018898396399989827, 20296
320, 0.018898396399989827, 45784
320, 0.018898396399989827, 26605
320, 0.018898396399989827, 26596
320, 0.018898396399989827, 36424
320, 0.018898396399989827, 65107
320, 0.018898396399989827, 13438
320, 0.018898396399989827, 43624
320, 0.018898396399989827, 52606
320, 0.018898396399989827, 31942
320, 0.018898396399989827, 51670
320, 0.018898396399989827, 35335
320, 0.018898396399989827, 71560
320, 0.018898396399989827, 51571
320, 0.018898396399989827, 24004
320, 0.018898396399989827, 80020
320, 0.018898396399989827, 23365
320, 0.018898396399989827, 25894
340, 0.018126347831007385, 14698
340, 0.018126347831007385, 16003
340, 0.018126347831007385, 19612
340, 0.018126347831007385, 48349
340, 0.018126347831007385, 37072
340, 0.018126347831007385, 32068
340, 0.018126347831007385, 38206
340, 0.018126347831007385, 12844
340, 0.018126347831007385, 42427
340, 0.018126347831007385, 19639
340, 0.018126347831007385, 22798
340, 0.018126347831007385, 18415
340, 0.018126347831007385, 28180
340, 0.018126347831007385, 18901
340, 0.018126347831007385, 34867
340, 0.018126347831007385, 24130
340, 0.018126347831007385, 39313
340, 0.018126347831007385, 27226
340, 0.018126347831007385, 25111
340, 0.018126347831007385, 57475
340, 0.018126347831007385, 21826
340, 0.018126347831007385, 34210
340, 0.018126347831007385, 33391
340, 0.018126347831007385, 17776
340, 0.018126347831007385, 29458
340, 0.018126347831007385, 47242
340, 0.018126347831007385, 45901
340, 0.018126347831007385, 41032
340, 0.018126347831007385, 35272
340, 0.018126347831007385, 37234
340, 0.018126347831007385, 23365
340, 0.018126347831007385, 55567
340, 0.018126347831007385, 25561
340, 0.018126347831007385, 44857
340, 0.018126347831007385, 30979
340, 0.018126347831007385, 39214
340, 0.018126347831007385, 43714
340, 0.018126347831007385, 45253
340, 0.018126347831007385, 24634
340, 0.018126347831007385, 38413
340, 0.018126347831007385, 22591
340, 0.018126347831007385, 34696
340, 0.018126347831007385, 25147
340, 0.018126347831007385, 84691
340, 0.018126347831007385, 57151
340, 0.018126347831007385, 32284
340, 0.018126347831007385, 81856
340, 0.018126347831007385, 23392
340, 0.018126347831007385, 25588
340, 0.018126347831007385, 44164
360, 0.01742735059503821, 12727
360, 0.01742735059503821, 34912
360, 0.01742735059503821, 43867
360, 0.01742735059503821, 32167
360, 0.01742735059503821, 22078
360, 0.01742735059503821, 43516
360, 0.01742735059503821, 61993
360, 0.01742735059503821, 18190
360, 0.01742735059503821, 36478
360, 0.01742735059503821, 26146
360, 0.01742735059503821, 60859
360, 0.01742735059503821, 28990
360, 0.01742735059503821, 39232
360, 0.01742735059503821, 36487
360, 0.01742735059503821, 22816
360, 0.01742735059503821, 27577
360, 0.01742735059503821, 19540
360, 0.01742735059503821, 91171
360, 0.01742735059503821, 32320
360, 0.01742735059503821, 29098
360, 0.01742735059503821, 29647
360, 0.01742735059503821, 27892
360, 0.01742735059503821, 23437
360, 0.01742735059503821, 27442
360, 0.01742735059503821, 27037
360, 0.01742735059503821, 36037
360, 0.01742735059503821, 28054
360, 0.01742735059503821, 29584
360, 0.01742735059503821, 66970
360, 0.01742735059503821, 37738
360, 0.01742735059503821, 31636
360, 0.01742735059503821, 50905
360, 0.01742735059503821, 39826
360, 0.01742735059503821, 15598
360, 0.01742735059503821, 28963
360, 0.01742735059503821, 30304
360, 0.01742735059503821, 24229
360, 0.01742735059503821, 33139
360, 0.01742735059503821, 31393
360, 0.01742735059503821, 23068
360, 0.01742735059503821, 88381
360, 0.01742735059503821, 60364
360, 0.01742735059503821, 70588
360, 0.01742735059503821, 29620
360, 0.01742735059503821, 40501
360, 0.01742735059503821, 21862
360, 0.01742735059503821, 21574
360, 0.01742735059503821, 39295
360, 0.01742735059503821, 62920
360, 0.01742735059503821, 36613
380, 0.01679098121014678, 15949
380, 0.01679098121014678, 26020
380, 0.01679098121014678, 16786
380, 0.01679098121014678, 23599
380, 0.01679098121014678, 34318
380, 0.01679098121014678, 39097
380, 0.01679098121014678, 29188
380, 0.01679098121014678, 20665
380, 0.01679098121014678, 35200
380, 0.01679098121014678, 28657
380, 0.01679098121014678, 34372
380, 0.01679098121014678, 45991
380, 0.01679098121014678, 19387
380, 0.01679098121014678, 53587
380, 0.01679098121014678, 45685
380, 0.01679098121014678, 43435
380, 0.01679098121014678, 34534
380, 0.01679098121014678, 27181
380, 0.01679098121014678, 20494
380, 0.01679098121014678, 23779
380, 0.01679098121014678, 24463
380, 0.01679098121014678, 30628
380, 0.01679098121014678, 27091
380, 0.01679098121014678, 28639
380, 0.01679098121014678, 49276
380, 0.01679098121014678, 48637
380, 0.01679098121014678, 21007
380, 0.01679098121014678, 30871
380, 0.01679098121014678, 28135
380, 0.01679098121014678, 40969
380, 0.01679098121014678, 48889
380, 0.01679098121014678, 38161
380, 0.01679098121014678, 47350
380, 0.01679098121014678, 52120
380, 0.01679098121014678, 36082
380, 0.01679098121014678, 38089
380, 0.01679098121014678, 40240
380, 0.01679098121014678, 27325
380, 0.01679098121014678, 20836
380, 0.01679098121014678, 37108
380, 0.01679098121014678, 83899
380, 0.01679098121014678, 24553
380, 0.01679098121014678, 79525
380, 0.01679098121014678, 83530
380, 0.01679098121014678, 30079
380, 0.01679098121014678, 42841
380, 0.01679098121014678, 34615
380, 0.01679098121014678, 65701
380, 0.01679098121014678, 66322
380, 0.01679098121014678, 64513
400, 0.01620875406453469, 35803
400, 0.01620875406453469, 37774
400, 0.01620875406453469, 24463
400, 0.01620875406453469, 26776
400, 0.01620875406453469, 23725
400, 0.01620875406453469, 37054
400, 0.01620875406453469, 33742
400, 0.01620875406453469, 23761
400, 0.01620875406453469, 29710
400, 0.01620875406453469, 26110
400, 0.01620875406453469, 59518
400, 0.01620875406453469, 22312
400, 0.01620875406453469, 24535
400, 0.01620875406453469, 22420
400, 0.01620875406453469, 26866
400, 0.01620875406453469, 94870
400, 0.01620875406453469, 58276
400, 0.01620875406453469, 26947
400, 0.01620875406453469, 28099
400, 0.01620875406453469, 29377
400, 0.01620875406453469, 36532
400, 0.01620875406453469, 58258
400, 0.01620875406453469, 31915
400, 0.01620875406453469, 29557
400, 0.01620875406453469, 32500
400, 0.01620875406453469, 43804
400, 0.01620875406453469, 63640
400, 0.01620875406453469, 34885
400, 0.01620875406453469, 31519
400, 0.01620875406453469, 35992
400, 0.01620875406453469, 63613
400, 0.01620875406453469, 66385
400, 0.01620875406453469, 41815
400, 0.01620875406453469, 63424
400, 0.01620875406453469, 50581
400, 0.01620875406453469, 47269
400, 0.01620875406453469, 16768
400, 0.01620875406453469, 38044
400, 0.01620875406453469, 40609
400, 0.01620875406453469, 23977
400, 0.01620875406453469, 33517
400, 0.01620875406453469, 48628
400, 0.01620875406453469, 55999
400, 0.01620875406453469, 35803
400, 0.01620875406453469, 41734
400, 0.01620875406453469, 40402
400, 0.01620875406453469, 64279
400, 0.01620875406453469, 59338
400, 0.01620875406453469, 23473
400, 0.01620875406453469, 72163
420, 0.015673685403190397, 19315
420, 0.015673685403190397, 40924
420, 0.015673685403190397, 20575
420, 0.015673685403190397, 44371
420, 0.015673685403190397, 57169
420, 0.015673685403190397, 34354
420, 0.015673685403190397, 31159
420, 0.015673685403190397, 33814
420, 0.015673685403190397, 24130
420, 0.015673685403190397, 23590
420, 0.015673685403190397, 30313
420, 0.015673685403190397, 48484
420, 0.015673685403190397, 59986
420, 0.015673685403190397, 27289
420, 0.015673685403190397, 66151
420, 0.015673685403190397, 34075
420, 0.015673685403190397, 32077
420, 0.015673685403190397, 34552
420, 0.015673685403190397, 37972
420, 0.015673685403190397, 41824
420, 0.015673685403190397, 38044
420, 0.015673685403190397, 42373
420, 0.015673685403190397, 40987
420, 0.015673685403190397, 69094
420, 0.015673685403190397, 39709
420, 0.015673685403190397, 57430
420, 0.015673685403190397, 45982
420, 0.015673685403190397, 53884
420, 0.015673685403190397, 52525
420, 0.015673685403190397, 43219
420, 0.015673685403190397, 42274
420, 0.015673685403190397, 53587
420, 0.015673685403190397, 34282
420, 0.015673685403190397, 35794
420, 0.015673685403190397, 74044
420, 0.015673685403190397, 72991
420, 0.015673685403190397, 18667
420, 0.015673685403190397, 72289
420, 0.015673685403190397, 57799
420, 0.015673685403190397, 58096
420, 0.015673685403190397, 29197
420, 0.015673685403190397, 56881
420, 0.015673685403190397, 75475
420, 0.015673685403190397, 69598
420, 0.015673685403190397, 63208
420, 0.015673685403190397, 57079
420, 0.015673685403190397, 85969
420, 0.015673685403190397, 59131
420, 0.015673685403190397, 63415
420, 0.015673685403190397, 120007
440, 0.015179970897042351, 42850
440, 0.015179970897042351, 46702
440, 0.015179970897042351, 47008
440, 0.015179970897042351, 39115
440, 0.015179970897042351, 71956
440, 0.015179970897042351, 20485
440, 0.015179970897042351, 55342
440, 0.015179970897042351, 29818
440, 0.015179970897042351, 37666
440, 0.015179970897042351, 32095
440, 0.015179970897042351, 64405
440, 0.015179970897042351, 42238
440, 0.015179970897042351, 97237
440, 0.015179970897042351, 32446
440, 0.015179970897042351, 32851
440, 0.015179970897042351, 53047
440, 0.015179970897042351, 53821
440, 0.015179970897042351, 57529
440, 0.015179970897042351, 45910
440, 0.015179970897042351, 42616
440, 0.015179970897042351, 39997
440, 0.015179970897042351, 38521
440, 0.015179970897042351, 69733
440, 0.015179970897042351, 31996
440, 0.015179970897042351, 45037
440, 0.015179970897042351, 31141
440, 0.015179970897042351, 42751
440, 0.015179970897042351, 41779
440, 0.015179970897042351, 30394
440, 0.015179970897042351, 53083
440, 0.015179970897042351, 24580
440, 0.015179970897042351, 39034
440, 0.015179970897042351, 75772
440, 0.015179970897042351, 34183
440, 0.015179970897042351, 66133
440, 0.015179970897042351, 33130
440, 0.015179970897042351, 78895
440, 0.015179970897042351, 100189
440, 0.015179970897042351, 48574
440, 0.015179970897042351, 31105
440, 0.015179970897042351, 71092
440, 0.015179970897042351, 42121
440, 0.015179970897042351, 81010
440, 0.015179970897042351, 35875
440, 0.015179970897042351, 54631
440, 0.015179970897042351, 59842
440, 0.015179970897042351, 136702
440, 0.015179970897042351, 35407
440, 0.015179970897042351, 103852
440, 0.015179970897042351, 80731
460, 0.014722743526125959, 37657
460, 0.014722743526125959, 20971
460, 0.014722743526125959, 61516
460, 0.014722743526125959, 29116
460, 0.014722743526125959, 40897
460, 0.014722743526125959, 32761
460, 0.014722743526125959, 31636
460, 0.014722743526125959, 28999
460, 0.014722743526125959, 34975
460, 0.014722743526125959, 50545
460, 0.014722743526125959, 37585
460, 0.014722743526125959, 36568
460, 0.014722743526125959, 63829
460, 0.014722743526125959, 39880
460, 0.014722743526125959, 69292
460, 0.014722743526125959, 45568
460, 0.014722743526125959, 47251
460, 0.014722743526125959, 30133
460, 0.014722743526125959, 56926
460, 0.014722743526125959, 22312
460, 0.014722743526125959, 49798
460, 0.014722743526125959, 45334
460, 0.014722743526125959, 72541
460, 0.014722743526125959, 79075
460, 0.014722743526125959, 46918
460, 0.014722743526125959, 62182
460, 0.014722743526125959, 35083
460, 0.014722743526125959, 44686
460, 0.014722743526125959, 39916
460, 0.014722743526125959, 45370
460, 0.014722743526125959, 36883
460, 0.014722743526125959, 70309
460, 0.014722743526125959, 102601
460, 0.014722743526125959, 51589
460, 0.014722743526125959, 35749
460, 0.014722743526125959, 72910
460, 0.014722743526125959, 62011
460, 0.014722743526125959, 63145
460, 0.014722743526125959, 25984
460, 0.014722743526125959, 155215
460, 0.014722743526125959, 77032
460, 0.014722743526125959, 18289
460, 0.014722743526125959, 34192
460, 0.014722743526125959, 76375
460, 0.014722743526125959, 34606
460, 0.014722743526125959, 79732
460, 0.014722743526125959, 105544
460, 0.014722743526125959, 41734
460, 0.014722743526125959, 38683
460, 0.014722743526125959, 43300
480, 0.014297889240164547, 20701
480, 0.014297889240164547, 20935
480, 0.014297889240164547, 39061
480, 0.014297889240164547, 29017
480, 0.014297889240164547, 36838
480, 0.014297889240164547, 33913
480, 0.014297889240164547, 38692
480, 0.014297889240164547, 25750
480, 0.014297889240164547, 42913
480, 0.014297889240164547, 27730
480, 0.014297889240164547, 46819
480, 0.014297889240164547, 41140
480, 0.014297889240164547, 42742
480, 0.014297889240164547, 46081
480, 0.014297889240164547, 23068
480, 0.014297889240164547, 40483
480, 0.014297889240164547, 23419
480, 0.014297889240164547, 28378
480, 0.014297889240164547, 128260
480, 0.014297889240164547, 46279
480, 0.014297889240164547, 47530
480, 0.014297889240164547, 74422
480, 0.014297889240164547, 46810
480, 0.014297889240164547, 34372
480, 0.014297889240164547, 87958
480, 0.014297889240164547, 30475
480, 0.014297889240164547, 74233
480, 0.014297889240164547, 43273
480, 0.014297889240164547, 88462
480, 0.014297889240164547, 63199
480, 0.014297889240164547, 52471
480, 0.014297889240164547, 42112
480, 0.014297889240164547, 55927
480, 0.014297889240164547, 49726
480, 0.014297889240164547, 22753
480, 0.014297889240164547, 77302
480, 0.014297889240164547, 59401
480, 0.014297889240164547, 30538
480, 0.014297889240164547, 44200
480, 0.014297889240164547, 56242
480, 0.014297889240164547, 100549
480, 0.014297889240164547, 72919
480, 0.014297889240164547, 33229
480, 0.014297889240164547, 111124
480, 0.014297889240164547, 61912
480, 0.014297889240164547, 36478
480, 0.014297889240164547, 57493
480, 0.014297889240164547, 107110
480, 0.014297889240164547, 54172
480, 0.014297889240164547, 39835
500, 0.013901904837000415, 24463
500, 0.013901904837000415, 34507
500, 0.013901904837000415, 28378
500, 0.013901904837000415, 38314
500, 0.013901904837000415, 72217
500, 0.013901904837000415, 52696
500, 0.013901904837000415, 63739
500, 0.013901904837000415, 48808
500, 0.013901904837000415, 44308
500, 0.013901904837000415, 55207
500, 0.013901904837000415, 38701
500, 0.013901904837000415, 36730
500, 0.013901904837000415, 40249
500, 0.013901904837000415, 49825
500, 0.013901904837000415, 112204
500, 0.013901904837000415, 82171
500, 0.013901904837000415, 48655
500, 0.013901904837000415, 29071
500, 0.013901904837000415, 49726
500, 0.013901904837000415, 51049
500, 0.013901904837000415, 25597
500, 0.013901904837000415, 38926
500, 0.013901904837000415, 26290
500, 0.013901904837000415, 51049
500, 0.013901904837000415, 27910
500, 0.013901904837000415, 51535
500, 0.013901904837000415, 61507
500, 0.013901904837000415, 48754
500, 0.013901904837000415, 69508
500, 0.013901904837000415, 48169
500, 0.013901904837000415, 31411
500, 0.013901904837000415, 28486
500, 0.013901904837000415, 102547
500, 0.013901904837000415, 38143
500, 0.013901904837000415, 60139
500, 0.013901904837000415, 67330
500, 0.013901904837000415, 101134
500, 0.013901904837000415, 59338
500, 0.013901904837000415, 66016
500, 0.013901904837000415, 33292
500, 0.013901904837000415, 119890
500, 0.013901904837000415, 54550
500, 0.013901904837000415, 101098
500, 0.013901904837000415, 146575
500, 0.013901904837000415, 86095
500, 0.013901904837000415, 190270
500, 0.013901904837000415, 44920
500, 0.013901904837000415, 44047
500, 0.013901904837000415, 125506
500, 0.013901904837000415, 80911
