500, 0.01, 628251
500, 0.01, 697129
500, 0.01, 287170
500, 0.01, 432046
500, 0.01, 610842
500, 0.01, 725897
500, 0.01, 437570
500, 0.01, 531400
500, 0.01, 673269
500, 0.01, 583571
500, 0.01, 641114
500, 0.01, 1312500
500, 0.01, 362302
500, 0.01, 433154
500, 0.01, 1756074
500, 0.01, 582262
500, 0.01, 725704
500, 0.01, 855166
500, 0.01, 1636905
500, 0.01, 980565
500, 0.01, 1243027
500, 0.01, 850283
500, 0.01, 1803016
500, 0.01, 839536
500, 0.01, 796050
500, 0.01, 1693774
500, 0.01, 2939342
500, 0.01, 1738752
500, 0.01, 2178078
500, 0.01, 1016571
500, 0.01, 1547231
500, 0.01, 632013
500, 0.01, 1673083
500, 0.01, 3350583
500, 0.01, 957231
500, 0.01, 1874033
500, 0.01, 1044932
500, 0.01, 2588337
500, 0.01, 2148502
500, 0.01, 1754146
500, 0.01, 1490359
500, 0.01, 1723660
500, 0.01, 2162507
500, 0.01, 2043943
500, 0.01, 3650059
500, 0.01, 2310711
500, 0.01, 3265919
500, 0.01, 4195384
500, 0.01, 2437854
500, 0.01, 3396083
500, 0.0174, 2524455
500, 0.0174, 1713428
500, 0.0174, 1166308
500, 0.0174, 1256382
500, 0.0174, 1575904
500, 0.0174, 1729819
500, 0.0174, 1708779
500, 0.0174, 1515580
500, 0.0174, 2587053
500, 0.0174, 1295933
500, 0.0174, 1759069
500, 0.0174, 1705923
500, 0.0174, 2284960
500, 0.0174, 2799967
500, 0.0174, 6022230
500, 0.0174, 3598119
500, 0.0174, 7097075
500, 0.0174, 5472118
500, 0.0174, 8738359
500, 0.0174, 4921628
500, 0.0174, 7457282
500, 0.0174, 3796060
500, 0.0174, 5240828
500, 0.0174, 6242281
500, 0.0174, 7493308
500, 0.0174, 9188731
500, 0.0174, 9527218
500, 0.0174, 9999725
500, 0.0174, 9999736
500, 0.0174, 9999822
500, 0.0174, 9998947
500, 0.0174, 9999704
500, 0.0174, 9999890
500, 0.0174, 9999991
500, 0.0174, 9997689
500, 0.0174, 9273595
500, 0.0174, 9997788
500, 0.0174, 9352515
500, 0.0174, 9998734
500, 0.0174, 9999691
500, 0.0174, 8769018
500, 0.0174, 9999157
500, 0.0174, 9998600
500, 0.0174, 9999572
500, 0.0174, 9998913
500, 0.0174, 9999549
500, 0.0174, 9999775
500, 0.0174, 8016848
500, 0.0174, 9999483
500, 0.0174, 9999883
500, 0.0249, 1070482
500, 0.0249, 882963
500, 0.0249, 1982723
500, 0.0249, 1353635
500, 0.0249, 3869490
500, 0.0249, 2201296
500, 0.0249, 727585
500, 0.0249, 796719
500, 0.0249, 5366437
500, 0.0249, 4570700
500, 0.0249, 624946
500, 0.0249, 1566106
500, 0.0249, 1700701
500, 0.0249, 825924
500, 0.0249, 4598102
500, 0.0249, 6491315
500, 0.0249, 1290806
500, 0.0249, 3792206
500, 0.0249, 1284389
500, 0.0249, 2196195
500, 0.0249, 3271174
500, 0.0249, 6621471
500, 0.0249, 495823
500, 0.0249, 8248130
500, 0.0249, 3352541
500, 0.0249, 406439
500, 0.0249, 2924607
500, 0.0249, 9999815
500, 0.0249, 501650
500, 0.0249, 1338056
500, 0.0249, 2953429
500, 0.0249, 3036342
500, 0.0249, 3757945
500, 0.0249, 508407
500, 0.0249, 5913326
500, 0.0249, 468311
500, 0.0249, 3726805
500, 0.0249, 2389429
500, 0.0249, 1671812
500, 0.0249, 353356
500, 0.0249, 2588529
500, 0.0249, 2591488
500, 0.0249, 4189289
500, 0.0249, 7030557
500, 0.0249, 6479877
500, 0.0249, 6709371
500, 0.0249, 5956678
500, 0.0249, 8974897
500, 0.0249, 9999960
500, 0.0249, 9306713
500, 0.0323, 409489
500, 0.0323, 524123
500, 0.0323, 575875
500, 0.0323, 883040
500, 0.0323, 2970966
500, 0.0323, 732958
500, 0.0323, 1854664
500, 0.0323, 511818
500, 0.0323, 401077
500, 0.0323, 468179
500, 0.0323, 617597
500, 0.0323, 1989566
500, 0.0323, 1876509
500, 0.0323, 319546
500, 0.0323, 1017539
500, 0.0323, 383517
500, 0.0323, 1894384
500, 0.0323, 684870
500, 0.0323, 511099
500, 0.0323, 629621
500, 0.0323, 971616
500, 0.0323, 2115885
500, 0.0323, 294926
500, 0.0323, 1017656
500, 0.0323, 625490
500, 0.0323, 3603317
500, 0.0323, 1488514
500, 0.0323, 2289161
500, 0.0323, 2283219
500, 0.0323, 670300
500, 0.0323, 1257491
500, 0.0323, 885413
500, 0.0323, 360021
500, 0.0323, 1186589
500, 0.0323, 1028861
500, 0.0323, 1217041
500, 0.0323, 462011
500, 0.0323, 739419
500, 0.0323, 966717
500, 0.0323, 913784
500, 0.0323, 1026710
500, 0.0323, 210371
500, 0.0323, 3701014
500, 0.0323, 1416277
500, 0.0323, 336094
500, 0.0323, 804722
500, 0.0323, 507261
500, 0.0323, 999358
500, 0.0323, 1129512
500, 0.0323, 2606359
500, 0.0397, 190187
500, 0.0397, 185799
500, 0.0397, 206967
500, 0.0397, 284536
500, 0.0397, 496320
500, 0.0397, 269774
500, 0.0397, 269462
500, 0.0397, 231065
500, 0.0397, 238265
500, 0.0397, 269540
500, 0.0397, 264138
500, 0.0397, 200837
500, 0.0397, 204662
500, 0.0397, 213127
500, 0.0397, 135332
500, 0.0397, 394910
500, 0.0397, 305593
500, 0.0397, 478214
500, 0.0397, 345474
500, 0.0397, 616129
500, 0.0397, 272171
500, 0.0397, 199171
500, 0.0397, 444793
500, 0.0397, 246040
500, 0.0397, 491215
500, 0.0397, 296903
500, 0.0397, 342001
500, 0.0397, 392778
500, 0.0397, 188885
500, 0.0397, 693078
500, 0.0397, 571015
500, 0.0397, 204147
500, 0.0397, 280897
500, 0.0397, 407692
500, 0.0397, 358272
500, 0.0397, 401623
500, 0.0397, 530285
500, 0.0397, 273850
500, 0.0397, 787590
500, 0.0397, 628032
500, 0.0397, 631121
500, 0.0397, 530965
500, 0.0397, 595000
500, 0.0397, 568953
500, 0.0397, 678233
500, 0.0397, 725854
500, 0.0397, 1031431
500, 0.0397, 1084311
500, 0.0397, 938653
500, 0.0397, 937001
500, 0.0472, 247366
500, 0.0472, 300154
500, 0.0472, 245068
500, 0.0472, 233431
500, 0.0472, 215369
500, 0.0472, 542311
500, 0.0472, 442663
500, 0.0472, 128977
500, 0.0472, 129869
500, 0.0472, 165501
500, 0.0472, 156590
500, 0.0472, 204568
500, 0.0472, 213194
500, 0.0472, 109599
500, 0.0472, 150342
500, 0.0472, 219510
500, 0.0472, 399988
500, 0.0472, 596550
500, 0.0472, 345457
500, 0.0472, 266273
500, 0.0472, 259153
500, 0.0472, 145895
500, 0.0472, 175958
500, 0.0472, 172344
500, 0.0472, 127734
500, 0.0472, 160194
500, 0.0472, 297740
500, 0.0472, 428265
500, 0.0472, 234560
500, 0.0472, 329825
500, 0.0472, 310616
500, 0.0472, 372551
500, 0.0472, 313609
500, 0.0472, 167402
500, 0.0472, 308494
500, 0.0472, 189066
500, 0.0472, 252905
500, 0.0472, 459948
500, 0.0472, 92272
500, 0.0472, 559066
500, 0.0472, 230185
500, 0.0472, 261761
500, 0.0472, 165963
500, 0.0472, 143537
500, 0.0472, 232232
500, 0.0472, 462398
500, 0.0472, 430920
500, 0.0472, 264124
500, 0.0472, 584880
500, 0.0472, 314475
500, 0.0546, 125282
500, 0.0546, 129327
500, 0.0546, 130397
500, 0.0546, 184775
500, 0.0546, 123903
500, 0.0546, 208937
500, 0.0546, 142814
500, 0.0546, 113562
500, 0.0546, 174871
500, 0.0546, 386589
500, 0.0546, 150679
500, 0.0546, 105883
500, 0.0546, 106751
500, 0.0546, 115913
500, 0.0546, 172887
500, 0.0546, 412678
500, 0.0546, 137619
500, 0.0546, 159738
500, 0.0546, 91206
500, 0.0546, 142576
500, 0.0546, 145353
500, 0.0546, 113745
500, 0.0546, 95748
500, 0.0546, 134243
500, 0.0546, 159728
500, 0.0546, 149437
500, 0.0546, 107415
500, 0.0546, 245013
500, 0.0546, 141729
500, 0.0546, 211086
500, 0.0546, 385356
500, 0.0546, 95004
500, 0.0546, 88928
500, 0.0546, 140276
500, 0.0546, 211699
500, 0.0546, 120003
500, 0.0546, 120080
500, 0.0546, 172626
500, 0.0546, 144727
500, 0.0546, 191086
500, 0.0546, 168373
500, 0.0546, 281167
500, 0.0546, 126560
500, 0.0546, 118632
500, 0.0546, 135852
500, 0.0546, 254076
500, 0.0546, 389220
500, 0.0546, 119331
500, 0.0546, 127083
500, 0.0546, 152118
500, 0.0621, 121933
500, 0.0621, 83226
500, 0.0621, 141128
500, 0.0621, 106325
500, 0.0621, 145371
500, 0.0621, 236843
500, 0.0621, 78940
500, 0.0621, 125621
500, 0.0621, 96537
500, 0.0621, 99661
500, 0.0621, 128870
500, 0.0621, 162837
500, 0.0621, 144544
500, 0.0621, 114425
500, 0.0621, 77560
500, 0.0621, 205100
500, 0.0621, 130638
500, 0.0621, 138453
500, 0.0621, 256132
500, 0.0621, 125853
500, 0.0621, 106495
500, 0.0621, 147521
500, 0.0621, 306537
500, 0.0621, 194739
500, 0.0621, 142808
500, 0.0621, 132259
500, 0.0621, 172689
500, 0.0621, 131986
500, 0.0621, 157930
500, 0.0621, 86844
500, 0.0621, 120556
500, 0.0621, 157666
500, 0.0621, 88431
500, 0.0621, 82927
500, 0.0621, 95093
500, 0.0621, 121273
500, 0.0621, 87817
500, 0.0621, 126852
500, 0.0621, 94204
500, 0.0621, 110679
500, 0.0621, 117949
500, 0.0621, 196851
500, 0.0621, 73486
500, 0.0621, 148739
500, 0.0621, 128865
500, 0.0621, 148907
500, 0.0621, 115163
500, 0.0621, 208534
500, 0.0621, 225572
500, 0.0621, 114899
500, 0.0695, 76625
500, 0.0695, 63361
500, 0.0695, 108224
500, 0.0695, 84252
500, 0.0695, 80394
500, 0.0695, 92347
500, 0.0695, 103806
500, 0.0695, 76609
500, 0.0695, 81219
500, 0.0695, 99358
500, 0.0695, 100952
500, 0.0695, 116661
500, 0.0695, 141559
500, 0.0695, 126408
500, 0.0695, 94812
500, 0.0695, 168169
500, 0.0695, 69014
500, 0.0695, 183564
500, 0.0695, 128423
500, 0.0695, 95452
500, 0.0695, 212683
500, 0.0695, 104194
500, 0.0695, 72297
500, 0.0695, 77407
500, 0.0695, 136976
500, 0.0695, 88524
500, 0.0695, 68480
500, 0.0695, 95511
500, 0.0695, 171613
500, 0.0695, 92579
500, 0.0695, 110728
500, 0.0695, 76984
500, 0.0695, 206708
500, 0.0695, 100969
500, 0.0695, 75378
500, 0.0695, 92382
500, 0.0695, 184888
500, 0.0695, 92980
500, 0.0695, 106329
500, 0.0695, 80187
500, 0.0695, 186151
500, 0.0695, 119927
500, 0.0695, 129620
500, 0.0695, 85228
500, 0.0695, 108754
500, 0.0695, 124457
500, 0.0695, 146077
500, 0.0695, 111118
500, 0.0695, 103061
500, 0.0695, 122659
500, 0.0769, 65727
500, 0.0769, 67843
500, 0.0769, 132117
500, 0.0769, 99987
500, 0.0769, 72398
500, 0.0769, 85563
500, 0.0769, 56450
500, 0.0769, 103731
500, 0.0769, 57477
500, 0.0769, 56947
500, 0.0769, 84653
500, 0.0769, 53770
500, 0.0769, 79586
500, 0.0769, 117456
500, 0.0769, 69455
500, 0.0769, 99778
500, 0.0769, 64856
500, 0.0769, 123360
500, 0.0769, 128915
500, 0.0769, 89717
500, 0.0769, 119677
500, 0.0769, 111560
500, 0.0769, 138666
500, 0.0769, 48302
500, 0.0769, 80834
500, 0.0769, 102798
500, 0.0769, 81762
500, 0.0769, 97890
500, 0.0769, 83187
500, 0.0769, 124355
500, 0.0769, 99427
500, 0.0769, 68160
500, 0.0769, 148300
500, 0.0769, 77982
500, 0.0769, 86019
500, 0.0769, 79038
500, 0.0769, 79392
500, 0.0769, 53316
500, 0.0769, 84442
500, 0.0769, 110725
500, 0.0769, 101479
500, 0.0769, 64764
500, 0.0769, 115994
500, 0.0769, 61391
500, 0.0769, 86595
500, 0.0769, 166634
500, 0.0769, 57471
500, 0.0769, 75564
500, 0.0769, 94159
500, 0.0769, 176856
500, 0.0844, 56757
500, 0.0844, 53934
500, 0.0844, 54568
500, 0.0844, 69920
500, 0.0844, 54299
500, 0.0844, 82970
500, 0.0844, 74223
500, 0.0844, 111397
500, 0.0844, 48856
500, 0.0844, 81091
500, 0.0844, 57955
500, 0.0844, 63860
500, 0.0844, 70371
500, 0.0844, 92140
500, 0.0844, 94323
500, 0.0844, 100394
500, 0.0844, 62743
500, 0.0844, 72339
500, 0.0844, 62588
500, 0.0844, 123971
500, 0.0844, 55021
500, 0.0844, 107896
500, 0.0844, 106768
500, 0.0844, 61758
500, 0.0844, 57295
500, 0.0844, 76281
500, 0.0844, 52864
500, 0.0844, 51921
500, 0.0844, 48735
500, 0.0844, 94326
500, 0.0844, 102333
500, 0.0844, 87065
500, 0.0844, 59973
500, 0.0844, 51508
500, 0.0844, 97010
500, 0.0844, 61793
500, 0.0844, 98339
500, 0.0844, 66302
500, 0.0844, 84375
500, 0.0844, 66802
500, 0.0844, 103403
500, 0.0844, 90404
500, 0.0844, 67219
500, 0.0844, 143222
500, 0.0844, 88140
500, 0.0844, 70960
500, 0.0844, 78167
500, 0.0844, 58148
500, 0.0844, 93097
500, 0.0844, 71223
500, 0.0918, 82497
500, 0.0918, 60851
500, 0.0918, 49418
500, 0.0918, 81946
500, 0.0918, 66255
500, 0.0918, 63310
500, 0.0918, 58421
500, 0.0918, 78522
500, 0.0918, 77875
500, 0.0918, 83429
500, 0.0918, 63227
500, 0.0918, 63369
500, 0.0918, 61161
500, 0.0918, 64733
500, 0.0918, 71045
500, 0.0918, 76654
500, 0.0918, 90245
500, 0.0918, 53137
500, 0.0918, 68228
500, 0.0918, 80021
500, 0.0918, 53832
500, 0.0918, 63311
500, 0.0918, 56953
500, 0.0918, 67698
500, 0.0918, 97194
500, 0.0918, 65907
500, 0.0918, 46424
500, 0.0918, 99644
500, 0.0918, 95655
500, 0.0918, 91854
500, 0.0918, 73864
500, 0.0918, 48962
500, 0.0918, 52275
500, 0.0918, 51431
500, 0.0918, 71185
500, 0.0918, 63817
500, 0.0918, 40271
500, 0.0918, 109284
500, 0.0918, 82462
500, 0.0918, 104430
500, 0.0918, 81617
500, 0.0918, 42379
500, 0.0918, 80608
500, 0.0918, 50716
500, 0.0918, 74206
500, 0.0918, 66134
500, 0.0918, 78413
500, 0.0918, 63648
500, 0.0918, 68860
500, 0.0918, 91044
500, 0.0992, 50322
500, 0.0992, 62073
500, 0.0992, 35383
500, 0.0992, 58389
500, 0.0992, 49487
500, 0.0992, 55548
500, 0.0992, 43330
500, 0.0992, 59907
500, 0.0992, 45320
500, 0.0992, 64045
500, 0.0992, 58818
500, 0.0992, 84917
500, 0.0992, 51550
500, 0.0992, 74336
500, 0.0992, 83005
500, 0.0992, 62772
500, 0.0992, 101494
500, 0.0992, 68007
500, 0.0992, 92691
500, 0.0992, 59312
500, 0.0992, 73407
500, 0.0992, 52747
500, 0.0992, 55543
500, 0.0992, 65216
500, 0.0992, 48158
500, 0.0992, 54434
500, 0.0992, 47067
500, 0.0992, 46284
500, 0.0992, 61337
500, 0.0992, 41278
500, 0.0992, 57508
500, 0.0992, 40551
500, 0.0992, 43434
500, 0.0992, 83606
500, 0.0992, 40333
500, 0.0992, 63803
500, 0.0992, 45280
500, 0.0992, 93717
500, 0.0992, 56014
500, 0.0992, 61945
500, 0.0992, 82103
500, 0.0992, 65149
500, 0.0992, 89557
500, 0.0992, 61704
500, 0.0992, 83030
500, 0.0992, 53833
500, 0.0992, 51937
500, 0.0992, 43972
500, 0.0992, 46776
500, 0.0992, 47469
500, 0.1067, 50129
500, 0.1067, 39611
500, 0.1067, 42053
500, 0.1067, 47812
500, 0.1067, 45554
500, 0.1067, 56126
500, 0.1067, 54476
500, 0.1067, 56641
500, 0.1067, 39732
500, 0.1067, 48050
500, 0.1067, 54932
500, 0.1067, 56448
500, 0.1067, 42572
500, 0.1067, 52113
500, 0.1067, 44068
500, 0.1067, 50467
500, 0.1067, 60390
500, 0.1067, 73625
500, 0.1067, 50960
500, 0.1067, 47053
500, 0.1067, 37987
500, 0.1067, 61189
500, 0.1067, 35802
500, 0.1067, 71288
500, 0.1067, 54224
500, 0.1067, 48703
500, 0.1067, 56014
500, 0.1067, 49444
500, 0.1067, 50650
500, 0.1067, 53076
500, 0.1067, 47412
500, 0.1067, 47716
500, 0.1067, 61208
500, 0.1067, 52158
500, 0.1067, 50609
500, 0.1067, 34256
500, 0.1067, 36928
500, 0.1067, 46344
500, 0.1067, 46297
500, 0.1067, 71728
500, 0.1067, 60921
500, 0.1067, 48759
500, 0.1067, 74122
500, 0.1067, 74408
500, 0.1067, 55389
500, 0.1067, 35110
500, 0.1067, 57193
500, 0.1067, 44476
500, 0.1067, 54232
500, 0.1067, 70884
500, 0.1141, 45898
500, 0.1141, 61345
500, 0.1141, 53476
500, 0.1141, 45764
500, 0.1141, 48491
500, 0.1141, 38945
500, 0.1141, 52054
500, 0.1141, 63934
500, 0.1141, 37809
500, 0.1141, 45823
500, 0.1141, 63335
500, 0.1141, 55922
500, 0.1141, 70043
500, 0.1141, 60853
500, 0.1141, 58132
500, 0.1141, 40767
500, 0.1141, 53220
500, 0.1141, 46193
500, 0.1141, 59529
500, 0.1141, 39390
500, 0.1141, 62553
500, 0.1141, 48952
500, 0.1141, 35757
500, 0.1141, 63595
500, 0.1141, 47794
500, 0.1141, 53099
500, 0.1141, 64876
500, 0.1141, 36759
500, 0.1141, 89082
500, 0.1141, 49295
500, 0.1141, 50835
500, 0.1141, 40304
500, 0.1141, 83079
500, 0.1141, 63515
500, 0.1141, 47462
500, 0.1141, 45166
500, 0.1141, 50644
500, 0.1141, 52147
500, 0.1141, 36949
500, 0.1141, 33011
500, 0.1141, 57079
500, 0.1141, 63504
500, 0.1141, 43173
500, 0.1141, 50620
500, 0.1141, 62371
500, 0.1141, 53847
500, 0.1141, 69717
500, 0.1141, 68267
500, 0.1141, 35876
500, 0.1141, 41910
500, 0.1215, 38701
500, 0.1215, 34132
500, 0.1215, 50759
500, 0.1215, 53707
500, 0.1215, 29407
500, 0.1215, 35182
500, 0.1215, 33785
500, 0.1215, 52941
500, 0.1215, 43829
500, 0.1215, 44012
500, 0.1215, 49401
500, 0.1215, 46693
500, 0.1215, 37715
500, 0.1215, 48396
500, 0.1215, 34759
500, 0.1215, 45299
500, 0.1215, 43951
500, 0.1215, 34322
500, 0.1215, 59520
500, 0.1215, 32305
500, 0.1215, 34943
500, 0.1215, 51821
500, 0.1215, 39769
500, 0.1215, 42584
500, 0.1215, 49433
500, 0.1215, 45804
500, 0.1215, 49402
500, 0.1215, 44145
500, 0.1215, 41432
500, 0.1215, 36842
500, 0.1215, 30187
500, 0.1215, 67719
500, 0.1215, 43497
500, 0.1215, 58308
500, 0.1215, 35686
500, 0.1215, 34635
500, 0.1215, 37751
500, 0.1215, 37794
500, 0.1215, 31991
500, 0.1215, 37802
500, 0.1215, 52282
500, 0.1215, 44129
500, 0.1215, 39930
500, 0.1215, 46506
500, 0.1215, 43134
500, 0.1215, 38738
500, 0.1215, 36293
500, 0.1215, 44351
500, 0.1215, 37696
500, 0.1215, 42880
500, 0.129, 31207
500, 0.129, 36916
500, 0.129, 35701
500, 0.129, 31041
500, 0.129, 46081
500, 0.129, 37823
500, 0.129, 38213
500, 0.129, 37714
500, 0.129, 36047
500, 0.129, 38527
500, 0.129, 35246
500, 0.129, 33496
500, 0.129, 44785
500, 0.129, 52008
500, 0.129, 42249
500, 0.129, 34027
500, 0.129, 57541
500, 0.129, 42014
500, 0.129, 39702
500, 0.129, 33485
500, 0.129, 38912
500, 0.129, 33331
500, 0.129, 47671
500, 0.129, 27529
500, 0.129, 39179
500, 0.129, 48814
500, 0.129, 31866
500, 0.129, 43284
500, 0.129, 30174
500, 0.129, 43576
500, 0.129, 31935
500, 0.129, 60510
500, 0.129, 37645
500, 0.129, 33918
500, 0.129, 36500
500, 0.129, 29560
500, 0.129, 33207
500, 0.129, 33322
500, 0.129, 32024
500, 0.129, 30175
500, 0.129, 46435
500, 0.129, 47212
500, 0.129, 33726
500, 0.129, 59381
500, 0.129, 33618
500, 0.129, 46098
500, 0.129, 51165
500, 0.129, 57814
500, 0.129, 31872
500, 0.129, 65380
500, 0.1364, 33226
500, 0.1364, 29449
500, 0.1364, 34426
500, 0.1364, 35605
500, 0.1364, 33686
500, 0.1364, 27456
500, 0.1364, 31402
500, 0.1364, 36440
500, 0.1364, 43541
500, 0.1364, 40799
500, 0.1364, 35990
500, 0.1364, 42876
500, 0.1364, 31516
500, 0.1364, 31955
500, 0.1364, 37161
500, 0.1364, 42449
500, 0.1364, 29887
500, 0.1364, 26605
500, 0.1364, 39448
500, 0.1364, 32782
500, 0.1364, 30266
500, 0.1364, 37443
500, 0.1364, 30137
500, 0.1364, 30904
500, 0.1364, 34884
500, 0.1364, 34218
500, 0.1364, 32793
500, 0.1364, 35413
500, 0.1364, 45640
500, 0.1364, 41031
500, 0.1364, 41059
500, 0.1364, 32907
500, 0.1364, 34269
500, 0.1364, 27155
500, 0.1364, 50745
500, 0.1364, 36707
500, 0.1364, 28005
500, 0.1364, 34076
500, 0.1364, 34385
500, 0.1364, 52085
500, 0.1364, 29019
500, 0.1364, 32170
500, 0.1364, 46898
500, 0.1364, 37338
500, 0.1364, 30804
500, 0.1364, 36276
500, 0.1364, 35227
500, 0.1364, 36395
500, 0.1364, 41348
500, 0.1364, 34525
500, 0.1438, 29304
500, 0.1438, 30911
500, 0.1438, 30277
500, 0.1438, 31426
500, 0.1438, 38808
500, 0.1438, 34501
500, 0.1438, 35287
500, 0.1438, 26925
500, 0.1438, 25747
500, 0.1438, 42885
500, 0.1438, 25095
500, 0.1438, 27120
500, 0.1438, 29611
500, 0.1438, 35960
500, 0.1438, 28449
500, 0.1438, 30694
500, 0.1438, 35157
500, 0.1438, 31735
500, 0.1438, 31535
500, 0.1438, 34811
500, 0.1438, 44680
500, 0.1438, 30128
500, 0.1438, 32926
500, 0.1438, 28947
500, 0.1438, 27789
500, 0.1438, 29803
500, 0.1438, 44451
500, 0.1438, 25583
500, 0.1438, 44219
500, 0.1438, 34055
500, 0.1438, 28938
500, 0.1438, 33171
500, 0.1438, 28819
500, 0.1438, 47506
500, 0.1438, 26357
500, 0.1438, 36139
500, 0.1438, 31529
500, 0.1438, 34994
500, 0.1438, 31216
500, 0.1438, 37893
500, 0.1438, 39618
500, 0.1438, 35050
500, 0.1438, 44256
500, 0.1438, 30731
500, 0.1438, 40737
500, 0.1438, 39502
500, 0.1438, 32472
500, 0.1438, 32062
500, 0.1438, 42138
500, 0.1438, 32662
500, 0.1513, 28592
500, 0.1513, 41454
500, 0.1513, 30566
500, 0.1513, 25128
500, 0.1513, 31081
500, 0.1513, 28967
500, 0.1513, 28962
500, 0.1513, 39146
500, 0.1513, 26432
500, 0.1513, 26688
500, 0.1513, 37156
500, 0.1513, 28871
500, 0.1513, 39098
500, 0.1513, 24360
500, 0.1513, 31837
500, 0.1513, 38898
500, 0.1513, 30072
500, 0.1513, 28498
500, 0.1513, 36764
500, 0.1513, 39300
500, 0.1513, 31522
500, 0.1513, 28340
500, 0.1513, 25916
500, 0.1513, 28951
500, 0.1513, 25964
500, 0.1513, 33809
500, 0.1513, 26498
500, 0.1513, 42312
500, 0.1513, 29731
500, 0.1513, 26322
500, 0.1513, 26416
500, 0.1513, 29893
500, 0.1513, 36418
500, 0.1513, 28278
500, 0.1513, 29719
500, 0.1513, 30390
500, 0.1513, 33786
500, 0.1513, 31374
500, 0.1513, 48411
500, 0.1513, 34016
500, 0.1513, 40194
500, 0.1513, 47495
500, 0.1513, 30562
500, 0.1513, 28720
500, 0.1513, 30132
500, 0.1513, 26944
500, 0.1513, 59361
500, 0.1513, 24395
500, 0.1513, 28823
500, 0.1513, 30905
500, 0.1587, 20441
500, 0.1587, 27486
500, 0.1587, 26278
500, 0.1587, 29429
500, 0.1587, 28840
500, 0.1587, 34185
500, 0.1587, 30623
500, 0.1587, 24952
500, 0.1587, 28969
500, 0.1587, 26260
500, 0.1587, 28786
500, 0.1587, 40382
500, 0.1587, 29765
500, 0.1587, 35051
500, 0.1587, 24469
500, 0.1587, 35132
500, 0.1587, 31925
500, 0.1587, 28483
500, 0.1587, 31049
500, 0.1587, 33532
500, 0.1587, 27616
500, 0.1587, 23103
500, 0.1587, 26728
500, 0.1587, 25496
500, 0.1587, 37101
500, 0.1587, 20672
500, 0.1587, 31347
500, 0.1587, 26444
500, 0.1587, 29136
500, 0.1587, 26669
500, 0.1587, 25794
500, 0.1587, 32206
500, 0.1587, 27810
500, 0.1587, 27042
500, 0.1587, 22815
500, 0.1587, 41367
500, 0.1587, 41575
500, 0.1587, 36522
500, 0.1587, 23957
500, 0.1587, 29667
500, 0.1587, 25757
500, 0.1587, 28258
500, 0.1587, 31576
500, 0.1587, 28036
500, 0.1587, 28260
500, 0.1587, 30024
500, 0.1587, 22934
500, 0.1587, 26739
500, 0.1587, 33553
500, 0.1587, 32186
500, 0.1662, 29722
500, 0.1662, 28354
500, 0.1662, 29189
500, 0.1662, 35367
500, 0.1662, 23120
500, 0.1662, 27647
500, 0.1662, 29178
500, 0.1662, 31010
500, 0.1662, 25126
500, 0.1662, 30513
500, 0.1662, 27244
500, 0.1662, 25725
500, 0.1662, 36194
500, 0.1662, 22564
500, 0.1662, 26795
500, 0.1662, 25650
500, 0.1662, 31162
500, 0.1662, 32951
500, 0.1662, 28854
500, 0.1662, 32375
500, 0.1662, 25241
500, 0.1662, 28406
500, 0.1662, 28323
500, 0.1662, 25555
500, 0.1662, 25517
500, 0.1662, 23601
500, 0.1662, 37362
500, 0.1662, 28028
500, 0.1662, 28256
500, 0.1662, 35487
500, 0.1662, 30492
500, 0.1662, 26915
500, 0.1662, 38941
500, 0.1662, 44293
500, 0.1662, 26520
500, 0.1662, 25294
500, 0.1662, 42257
500, 0.1662, 29666
500, 0.1662, 25921
500, 0.1662, 28504
500, 0.1662, 30612
500, 0.1662, 25448
500, 0.1662, 23435
500, 0.1662, 29570
500, 0.1662, 25329
500, 0.1662, 33290
500, 0.1662, 27344
500, 0.1662, 31031
500, 0.1662, 27750
500, 0.1662, 26423
500, 0.1736, 56082
500, 0.1736, 21755
500, 0.1736, 22780
500, 0.1736, 30714
500, 0.1736, 22251
500, 0.1736, 23641
500, 0.1736, 29234
500, 0.1736, 25517
500, 0.1736, 28825
500, 0.1736, 26302
500, 0.1736, 27956
500, 0.1736, 31793
500, 0.1736, 34176
500, 0.1736, 27088
500, 0.1736, 23240
500, 0.1736, 25014
500, 0.1736, 23496
500, 0.1736, 22695
500, 0.1736, 38464
500, 0.1736, 23514
500, 0.1736, 25651
500, 0.1736, 28405
500, 0.1736, 37704
500, 0.1736, 36743
500, 0.1736, 28623
500, 0.1736, 23900
500, 0.1736, 23089
500, 0.1736, 27052
500, 0.1736, 23199
500, 0.1736, 25235
500, 0.1736, 25125
500, 0.1736, 20661
500, 0.1736, 23702
500, 0.1736, 25817
500, 0.1736, 20289
500, 0.1736, 27869
500, 0.1736, 27735
500, 0.1736, 30866
500, 0.1736, 36508
500, 0.1736, 24780
500, 0.1736, 35328
500, 0.1736, 29074
500, 0.1736, 22562
500, 0.1736, 20798
500, 0.1736, 26115
500, 0.1736, 26464
500, 0.1736, 24745
500, 0.1736, 29026
500, 0.1736, 36106
500, 0.1736, 29666
500, 0.181, 25808
500, 0.181, 21584
500, 0.181, 25886
500, 0.181, 25679
500, 0.181, 20891
500, 0.181, 22674
500, 0.181, 25164
500, 0.181, 23093
500, 0.181, 21141
500, 0.181, 27819
500, 0.181, 27157
500, 0.181, 30351
500, 0.181, 25375
500, 0.181, 28120
500, 0.181, 33181
500, 0.181, 21447
500, 0.181, 33048
500, 0.181, 21383
500, 0.181, 25613
500, 0.181, 29163
500, 0.181, 27696
500, 0.181, 23656
500, 0.181, 21807
500, 0.181, 27902
500, 0.181, 24390
500, 0.181, 22572
500, 0.181, 37929
500, 0.181, 35064
500, 0.181, 23786
500, 0.181, 28316
500, 0.181, 22999
500, 0.181, 20161
500, 0.181, 22083
500, 0.181, 19291
500, 0.181, 22124
500, 0.181, 29170
500, 0.181, 27422
500, 0.181, 27238
500, 0.181, 22157
500, 0.181, 31430
500, 0.181, 23499
500, 0.181, 19903
500, 0.181, 25970
500, 0.181, 29579
500, 0.181, 28317
500, 0.181, 26394
500, 0.181, 29242
500, 0.181, 26313
500, 0.181, 27272
500, 0.181, 30282
500, 0.1885, 16929
500, 0.1885, 22604
500, 0.1885, 31893
500, 0.1885, 21292
500, 0.1885, 23256
500, 0.1885, 27900
500, 0.1885, 26758
500, 0.1885, 26351
500, 0.1885, 26544
500, 0.1885, 24464
500, 0.1885, 23908
500, 0.1885, 25867
500, 0.1885, 32325
500, 0.1885, 24191
500, 0.1885, 20917
500, 0.1885, 21931
500, 0.1885, 28481
500, 0.1885, 24364
500, 0.1885, 26564
500, 0.1885, 26117
500, 0.1885, 26108
500, 0.1885, 22127
500, 0.1885, 22853
500, 0.1885, 21037
500, 0.1885, 22526
500, 0.1885, 24115
500, 0.1885, 22231
500, 0.1885, 26593
500, 0.1885, 25163
500, 0.1885, 23801
500, 0.1885, 28327
500, 0.1885, 24628
500, 0.1885, 20385
500, 0.1885, 25375
500, 0.1885, 19678
500, 0.1885, 25411
500, 0.1885, 22584
500, 0.1885, 23459
500, 0.1885, 23582
500, 0.1885, 28276
500, 0.1885, 21408
500, 0.1885, 23640
500, 0.1885, 21743
500, 0.1885, 27304
500, 0.1885, 20415
500, 0.1885, 26317
500, 0.1885, 23822
500, 0.1885, 22774
500, 0.1885, 20545
500, 0.1885, 25757
500, 0.1959, 28783
500, 0.1959, 22983
500, 0.1959, 20039
500, 0.1959, 24192
500, 0.1959, 21060
500, 0.1959, 20577
500, 0.1959, 23438
500, 0.1959, 25271
500, 0.1959, 20710
500, 0.1959, 24483
500, 0.1959, 21128
500, 0.1959, 20554
500, 0.1959, 22541
500, 0.1959, 23915
500, 0.1959, 24584
500, 0.1959, 25375
500, 0.1959, 25818
500, 0.1959, 32457
500, 0.1959, 22970
500, 0.1959, 22250
500, 0.1959, 22072
500, 0.1959, 25333
500, 0.1959, 23810
500, 0.1959, 29723
500, 0.1959, 24262
500, 0.1959, 24091
500, 0.1959, 29113
500, 0.1959, 19144
500, 0.1959, 30169
500, 0.1959, 21585
500, 0.1959, 22167
500, 0.1959, 31339
500, 0.1959, 23139
500, 0.1959, 22525
500, 0.1959, 20130
500, 0.1959, 25726
500, 0.1959, 25953
500, 0.1959, 21420
500, 0.1959, 27109
500, 0.1959, 19644
500, 0.1959, 21190
500, 0.1959, 25572
500, 0.1959, 30262
500, 0.1959, 23983
500, 0.1959, 29449
500, 0.1959, 27890
500, 0.1959, 21350
500, 0.1959, 23567
500, 0.1959, 23385
500, 0.1959, 19883
500, 0.2033, 24751
500, 0.2033, 21621
500, 0.2033, 26111
500, 0.2033, 24584
500, 0.2033, 20305
500, 0.2033, 25482
500, 0.2033, 24513
500, 0.2033, 22774
500, 0.2033, 17345
500, 0.2033, 21936
500, 0.2033, 23434
500, 0.2033, 23305
500, 0.2033, 21328
500, 0.2033, 22196
500, 0.2033, 19769
500, 0.2033, 20536
500, 0.2033, 25486
500, 0.2033, 21672
500, 0.2033, 22858
500, 0.2033, 22651
500, 0.2033, 21610
500, 0.2033, 22119
500, 0.2033, 22425
500, 0.2033, 19412
500, 0.2033, 19968
500, 0.2033, 22163
500, 0.2033, 16589
500, 0.2033, 19855
500, 0.2033, 20234
500, 0.2033, 28166
500, 0.2033, 20597
500, 0.2033, 18628
500, 0.2033, 14223
500, 0.2033, 20745
500, 0.2033, 21882
500, 0.2033, 26875
500, 0.2033, 20587
500, 0.2033, 20548
500, 0.2033, 22820
500, 0.2033, 19259
500, 0.2033, 23242
500, 0.2033, 32929
500, 0.2033, 21370
500, 0.2033, 20928
500, 0.2033, 31197
500, 0.2033, 20837
500, 0.2033, 19989
500, 0.2033, 18847
500, 0.2033, 23875
500, 0.2033, 20940
500, 0.2108, 19684
500, 0.2108, 15147
500, 0.2108, 18156
500, 0.2108, 22325
500, 0.2108, 20032
500, 0.2108, 24700
500, 0.2108, 23810
500, 0.2108, 21838
500, 0.2108, 17015
500, 0.2108, 19622
500, 0.2108, 35264
500, 0.2108, 22494
500, 0.2108, 20254
500, 0.2108, 17258
500, 0.2108, 17429
500, 0.2108, 22344
500, 0.2108, 22107
500, 0.2108, 19542
500, 0.2108, 23078
500, 0.2108, 19566
500, 0.2108, 24969
500, 0.2108, 21387
500, 0.2108, 24181
500, 0.2108, 20903
500, 0.2108, 22476
500, 0.2108, 21955
500, 0.2108, 24060
500, 0.2108, 20908
500, 0.2108, 18385
500, 0.2108, 17966
500, 0.2108, 25783
500, 0.2108, 20590
500, 0.2108, 20533
500, 0.2108, 18913
500, 0.2108, 19019
500, 0.2108, 29205
500, 0.2108, 18799
500, 0.2108, 22443
500, 0.2108, 22359
500, 0.2108, 19029
500, 0.2108, 20782
500, 0.2108, 20347
500, 0.2108, 20955
500, 0.2108, 20501
500, 0.2108, 20983
500, 0.2108, 20654
500, 0.2108, 25170
500, 0.2108, 21917
500, 0.2108, 21104
500, 0.2108, 24342
500, 0.2182, 17258
500, 0.2182, 24028
500, 0.2182, 17709
500, 0.2182, 20153
500, 0.2182, 24830
500, 0.2182, 21592
500, 0.2182, 17607
500, 0.2182, 18941
500, 0.2182, 31486
500, 0.2182, 23114
500, 0.2182, 23437
500, 0.2182, 25336
500, 0.2182, 26553
500, 0.2182, 16543
500, 0.2182, 20432
500, 0.2182, 18202
500, 0.2182, 22770
500, 0.2182, 24349
500, 0.2182, 23876
500, 0.2182, 17560
500, 0.2182, 17207
500, 0.2182, 19992
500, 0.2182, 21583
500, 0.2182, 23527
500, 0.2182, 18412
500, 0.2182, 19801
500, 0.2182, 20146
500, 0.2182, 19947
500, 0.2182, 19858
500, 0.2182, 21580
500, 0.2182, 21024
500, 0.2182, 21101
500, 0.2182, 18334
500, 0.2182, 19103
500, 0.2182, 19641
500, 0.2182, 22614
500, 0.2182, 22919
500, 0.2182, 24802
500, 0.2182, 17839
500, 0.2182, 17796
500, 0.2182, 22423
500, 0.2182, 17779
500, 0.2182, 20349
500, 0.2182, 23465
500, 0.2182, 19667
500, 0.2182, 15049
500, 0.2182, 18708
500, 0.2182, 23162
500, 0.2182, 21586
500, 0.2182, 21409
500, 0.2256, 21094
500, 0.2256, 17210
500, 0.2256, 17200
500, 0.2256, 23356
500, 0.2256, 19302
500, 0.2256, 20845
500, 0.2256, 25801
500, 0.2256, 19201
500, 0.2256, 18098
500, 0.2256, 20916
500, 0.2256, 20703
500, 0.2256, 17647
500, 0.2256, 17831
500, 0.2256, 18321
500, 0.2256, 22616
500, 0.2256, 21432
500, 0.2256, 20700
500, 0.2256, 18175
500, 0.2256, 18781
500, 0.2256, 18262
500, 0.2256, 18378
500, 0.2256, 21364
500, 0.2256, 19234
500, 0.2256, 24328
500, 0.2256, 18671
500, 0.2256, 21649
500, 0.2256, 18626
500, 0.2256, 20162
500, 0.2256, 17654
500, 0.2256, 16354
500, 0.2256, 18786
500, 0.2256, 18074
500, 0.2256, 18562
500, 0.2256, 18445
500, 0.2256, 18038
500, 0.2256, 19325
500, 0.2256, 19835
500, 0.2256, 21345
500, 0.2256, 21518
500, 0.2256, 18892
500, 0.2256, 16742
500, 0.2256, 17069
500, 0.2256, 16270
500, 0.2256, 15812
500, 0.2256, 22300
500, 0.2256, 21282
500, 0.2256, 19929
500, 0.2256, 22715
500, 0.2256, 15772
500, 0.2256, 21216
500, 0.2331, 19966
500, 0.2331, 19660
500, 0.2331, 14988
500, 0.2331, 14167
500, 0.2331, 17358
500, 0.2331, 14866
500, 0.2331, 21066
500, 0.2331, 23692
500, 0.2331, 18222
500, 0.2331, 18771
500, 0.2331, 22081
500, 0.2331, 19481
500, 0.2331, 19051
500, 0.2331, 19167
500, 0.2331, 23930
500, 0.2331, 21791
500, 0.2331, 22696
500, 0.2331, 16420
500, 0.2331, 22532
500, 0.2331, 20110
500, 0.2331, 17954
500, 0.2331, 14794
500, 0.2331, 14695
500, 0.2331, 17684
500, 0.2331, 23657
500, 0.2331, 16898
500, 0.2331, 15728
500, 0.2331, 29137
500, 0.2331, 17637
500, 0.2331, 23813
500, 0.2331, 17518
500, 0.2331, 18823
500, 0.2331, 24297
500, 0.2331, 22979
500, 0.2331, 16560
500, 0.2331, 21194
500, 0.2331, 20231
500, 0.2331, 17757
500, 0.2331, 18064
500, 0.2331, 19739
500, 0.2331, 19058
500, 0.2331, 22747
500, 0.2331, 16820
500, 0.2331, 18925
500, 0.2331, 15436
500, 0.2331, 23190
500, 0.2331, 23374
500, 0.2331, 17275
500, 0.2331, 15396
500, 0.2331, 16198
500, 0.2405, 15622
500, 0.2405, 16130
500, 0.2405, 20377
500, 0.2405, 19086
500, 0.2405, 16492
500, 0.2405, 19143
500, 0.2405, 15700
500, 0.2405, 17831
500, 0.2405, 20445
500, 0.2405, 22424
500, 0.2405, 19346
500, 0.2405, 17857
500, 0.2405, 19565
500, 0.2405, 21044
500, 0.2405, 20368
500, 0.2405, 15796
500, 0.2405, 20564
500, 0.2405, 18774
500, 0.2405, 20254
500, 0.2405, 17257
500, 0.2405, 20491
500, 0.2405, 16463
500, 0.2405, 17572
500, 0.2405, 19233
500, 0.2405, 19859
500, 0.2405, 16225
500, 0.2405, 16706
500, 0.2405, 17363
500, 0.2405, 18849
500, 0.2405, 20019
500, 0.2405, 15727
500, 0.2405, 19715
500, 0.2405, 14194
500, 0.2405, 17531
500, 0.2405, 17061
500, 0.2405, 21786
500, 0.2405, 19836
500, 0.2405, 20750
500, 0.2405, 19154
500, 0.2405, 16616
500, 0.2405, 16595
500, 0.2405, 17472
500, 0.2405, 20120
500, 0.2405, 15931
500, 0.2405, 19907
500, 0.2405, 23308
500, 0.2405, 16110
500, 0.2405, 20321
500, 0.2405, 15649
500, 0.2405, 15082
500, 0.2479, 15275
500, 0.2479, 17288
500, 0.2479, 16104
500, 0.2479, 21940
500, 0.2479, 17748
500, 0.2479, 18129
500, 0.2479, 15727
500, 0.2479, 19220
500, 0.2479, 20961
500, 0.2479, 18695
500, 0.2479, 16963
500, 0.2479, 16452
500, 0.2479, 23448
500, 0.2479, 19382
500, 0.2479, 19715
500, 0.2479, 16806
500, 0.2479, 16280
500, 0.2479, 19617
500, 0.2479, 15228
500, 0.2479, 16452
500, 0.2479, 14058
500, 0.2479, 18463
500, 0.2479, 17622
500, 0.2479, 17795
500, 0.2479, 18809
500, 0.2479, 19839
500, 0.2479, 18716
500, 0.2479, 13367
500, 0.2479, 21738
500, 0.2479, 16594
500, 0.2479, 21912
500, 0.2479, 19142
500, 0.2479, 18204
500, 0.2479, 17593
500, 0.2479, 19086
500, 0.2479, 16970
500, 0.2479, 17206
500, 0.2479, 18480
500, 0.2479, 15994
500, 0.2479, 17909
500, 0.2479, 16959
500, 0.2479, 17298
500, 0.2479, 16904
500, 0.2479, 22069
500, 0.2479, 16385
500, 0.2479, 16866
500, 0.2479, 22027
500, 0.2479, 20668
500, 0.2479, 14018
500, 0.2479, 17713
500, 0.2554, 20200
500, 0.2554, 16614
500, 0.2554, 17934
500, 0.2554, 15796
500, 0.2554, 19292
500, 0.2554, 16530
500, 0.2554, 22746
500, 0.2554, 16670
500, 0.2554, 17344
500, 0.2554, 17680
500, 0.2554, 15729
500, 0.2554, 15708
500, 0.2554, 19257
500, 0.2554, 17666
500, 0.2554, 17093
500, 0.2554, 17922
500, 0.2554, 18407
500, 0.2554, 15745
500, 0.2554, 17840
500, 0.2554, 17276
500, 0.2554, 16865
500, 0.2554, 16745
500, 0.2554, 16657
500, 0.2554, 18141
500, 0.2554, 18577
500, 0.2554, 14546
500, 0.2554, 21232
500, 0.2554, 16235
500, 0.2554, 19990
500, 0.2554, 21826
500, 0.2554, 18443
500, 0.2554, 16304
500, 0.2554, 18521
500, 0.2554, 18526
500, 0.2554, 16548
500, 0.2554, 14393
500, 0.2554, 16971
500, 0.2554, 14643
500, 0.2554, 15337
500, 0.2554, 20007
500, 0.2554, 19077
500, 0.2554, 17624
500, 0.2554, 16878
500, 0.2554, 14700
500, 0.2554, 24742
500, 0.2554, 17672
500, 0.2554, 21106
500, 0.2554, 16550
500, 0.2554, 13844
500, 0.2554, 15633
500, 0.2628, 17492
500, 0.2628, 15510
500, 0.2628, 15314
500, 0.2628, 17166
500, 0.2628, 16528
500, 0.2628, 20804
500, 0.2628, 16148
500, 0.2628, 18416
500, 0.2628, 18441
500, 0.2628, 15010
500, 0.2628, 15976
500, 0.2628, 17901
500, 0.2628, 16375
500, 0.2628, 14541
500, 0.2628, 20695
500, 0.2628, 13363
500, 0.2628, 16518
500, 0.2628, 15719
500, 0.2628, 17756
500, 0.2628, 19171
500, 0.2628, 14008
500, 0.2628, 16536
500, 0.2628, 18959
500, 0.2628, 16265
500, 0.2628, 14103
500, 0.2628, 14844
500, 0.2628, 12947
500, 0.2628, 18667
500, 0.2628, 15853
500, 0.2628, 18561
500, 0.2628, 18109
500, 0.2628, 18496
500, 0.2628, 17081
500, 0.2628, 18606
500, 0.2628, 17888
500, 0.2628, 15424
500, 0.2628, 18137
500, 0.2628, 18036
500, 0.2628, 19089
500, 0.2628, 15525
500, 0.2628, 16084
500, 0.2628, 15737
500, 0.2628, 17359
500, 0.2628, 14415
500, 0.2628, 16253
500, 0.2628, 25167
500, 0.2628, 18119
500, 0.2628, 19313
500, 0.2628, 19766
500, 0.2628, 14258
500, 0.2703, 15647
500, 0.2703, 14685
500, 0.2703, 18353
500, 0.2703, 17128
500, 0.2703, 15118
500, 0.2703, 16179
500, 0.2703, 13012
500, 0.2703, 14659
500, 0.2703, 16837
500, 0.2703, 18669
500, 0.2703, 18123
500, 0.2703, 15221
500, 0.2703, 13455
500, 0.2703, 17485
500, 0.2703, 19868
500, 0.2703, 14516
500, 0.2703, 15856
500, 0.2703, 16461
500, 0.2703, 17400
500, 0.2703, 14575
500, 0.2703, 14226
500, 0.2703, 17557
500, 0.2703, 12228
500, 0.2703, 18273
500, 0.2703, 15918
500, 0.2703, 16028
500, 0.2703, 15508
500, 0.2703, 13643
500, 0.2703, 17194
500, 0.2703, 14228
500, 0.2703, 17869
500, 0.2703, 15315
500, 0.2703, 15128
500, 0.2703, 18641
500, 0.2703, 13275
500, 0.2703, 21355
500, 0.2703, 17535
500, 0.2703, 19348
500, 0.2703, 15578
500, 0.2703, 14137
500, 0.2703, 14688
500, 0.2703, 17853
500, 0.2703, 18516
500, 0.2703, 16962
500, 0.2703, 19401
500, 0.2703, 13069
500, 0.2703, 14305
500, 0.2703, 20559
500, 0.2703, 18833
500, 0.2703, 17914
500, 0.2777, 16232
500, 0.2777, 14332
500, 0.2777, 15525
500, 0.2777, 17584
500, 0.2777, 15399
500, 0.2777, 14657
500, 0.2777, 18249
500, 0.2777, 16468
500, 0.2777, 12659
500, 0.2777, 15644
500, 0.2777, 16295
500, 0.2777, 18955
500, 0.2777, 14205
500, 0.2777, 17551
500, 0.2777, 15777
500, 0.2777, 16206
500, 0.2777, 16282
500, 0.2777, 17492
500, 0.2777, 18925
500, 0.2777, 15949
500, 0.2777, 14282
500, 0.2777, 15703
500, 0.2777, 14358
500, 0.2777, 14499
500, 0.2777, 18864
500, 0.2777, 16764
500, 0.2777, 18451
500, 0.2777, 15468
500, 0.2777, 16494
500, 0.2777, 16783
500, 0.2777, 18918
500, 0.2777, 15098
500, 0.2777, 15737
500, 0.2777, 15037
500, 0.2777, 15727
500, 0.2777, 14366
500, 0.2777, 14094
500, 0.2777, 13801
500, 0.2777, 14884
500, 0.2777, 15540
500, 0.2777, 14993
500, 0.2777, 15440
500, 0.2777, 16204
500, 0.2777, 16675
500, 0.2777, 15266
500, 0.2777, 17803
500, 0.2777, 14531
500, 0.2777, 17880
500, 0.2777, 18397
500, 0.2777, 15340
500, 0.2851, 13209
500, 0.2851, 16836
500, 0.2851, 14336
500, 0.2851, 12473
500, 0.2851, 17630
500, 0.2851, 14340
500, 0.2851, 18270
500, 0.2851, 16793
500, 0.2851, 17109
500, 0.2851, 13882
500, 0.2851, 16058
500, 0.2851, 14653
500, 0.2851, 17739
500, 0.2851, 15424
500, 0.2851, 12556
500, 0.2851, 15276
500, 0.2851, 17792
500, 0.2851, 15652
500, 0.2851, 17620
500, 0.2851, 15329
500, 0.2851, 15494
500, 0.2851, 15139
500, 0.2851, 17343
500, 0.2851, 15905
500, 0.2851, 16932
500, 0.2851, 14614
500, 0.2851, 15334
500, 0.2851, 17151
500, 0.2851, 15962
500, 0.2851, 16167
500, 0.2851, 15156
500, 0.2851, 17572
500, 0.2851, 14952
500, 0.2851, 16803
500, 0.2851, 13673
500, 0.2851, 15358
500, 0.2851, 13491
500, 0.2851, 15264
500, 0.2851, 13228
500, 0.2851, 16959
500, 0.2851, 12533
500, 0.2851, 16134
500, 0.2851, 13034
500, 0.2851, 17706
500, 0.2851, 14371
500, 0.2851, 15784
500, 0.2851, 16818
500, 0.2851, 14689
500, 0.2851, 16509
500, 0.2851, 16521
500, 0.2926, 13584
500, 0.2926, 14908
500, 0.2926, 15064
500, 0.2926, 13905
500, 0.2926, 12545
500, 0.2926, 12780
500, 0.2926, 17520
500, 0.2926, 13983
500, 0.2926, 17330
500, 0.2926, 18998
500, 0.2926, 14578
500, 0.2926, 20261
500, 0.2926, 15508
500, 0.2926, 14391
500, 0.2926, 10903
500, 0.2926, 13604
500, 0.2926, 15048
500, 0.2926, 13921
500, 0.2926, 14545
500, 0.2926, 15994
500, 0.2926, 15171
500, 0.2926, 21754
500, 0.2926, 15100
500, 0.2926, 11970
500, 0.2926, 13726
500, 0.2926, 12306
500, 0.2926, 14589
500, 0.2926, 16742
500, 0.2926, 17438
500, 0.2926, 14185
500, 0.2926, 15000
500, 0.2926, 12516
500, 0.2926, 14889
500, 0.2926, 18242
500, 0.2926, 16306
500, 0.2926, 14423
500, 0.2926, 14083
500, 0.2926, 14607
500, 0.2926, 14405
500, 0.2926, 13662
500, 0.2926, 16894
500, 0.2926, 14548
500, 0.2926, 15063
500, 0.2926, 14222
500, 0.2926, 15516
500, 0.2926, 12835
500, 0.2926, 13693
500, 0.2926, 16071
500, 0.2926, 16814
500, 0.2926, 13264
500, 0.3, 16344
500, 0.3, 14132
500, 0.3, 17137
500, 0.3, 14483
500, 0.3, 15274
500, 0.3, 15343
500, 0.3, 13391
500, 0.3, 15720
500, 0.3, 16117
500, 0.3, 16304
500, 0.3, 14974
500, 0.3, 12118
500, 0.3, 14972
500, 0.3, 15051
500, 0.3, 17429
500, 0.3, 16324
500, 0.3, 14663
500, 0.3, 15693
500, 0.3, 14580
500, 0.3, 14498
500, 0.3, 10531
500, 0.3, 16967
500, 0.3, 13622
500, 0.3, 15650
500, 0.3, 13508
500, 0.3, 16408
500, 0.3, 14246
500, 0.3, 13964
500, 0.3, 12780
500, 0.3, 14794
500, 0.3, 15265
500, 0.3, 14171
500, 0.3, 15483
500, 0.3, 15889
500, 0.3, 11697
500, 0.3, 15216
500, 0.3, 13125
500, 0.3, 13510
500, 0.3, 16551
500, 0.3, 18071
500, 0.3, 13740
500, 0.3, 10260
500, 0.3, 13410
500, 0.3, 17586
500, 0.3, 15981
500, 0.3, 13704
500, 0.3, 14477
500, 0.3, 15300
500, 0.3, 15183
500, 0.3, 14870
